dates,ffr_surprise,nfp_surprise,EarningsToPrice
19910102,-1.272727273,0,0.0649125475285171
19910103,1.272727273,0,0.0649125475285171
19910104,7.636363636,74,0.0649125475285171
19910107,2.545454545,0,0.0649125475285171
19910108,-5.909090909,0,0.0649125475285171
19910109,-10.18181818,0,0.0649125475285171
19910110,-6.363636364,0,0.0649125475285171
19910111,-1.272727273,0,0.0649125475285171
19910114,-1.272727273,0,0.0649125475285171
19910115,-2.545454545,0,0.0649125475285171
19910116,5.090909091,0,0.0649125475285171
19910117,-3.818181818,0,0.0649125475285171
19910118,-6.363636364,0,0.0649125475285171
19910121,0,0,0.0649125475285171
19910122,-3.818181818,0,0.0649125475285171
19910123,-1.272727273,0,0.0649125475285171
19910124,0,0,0.0649125475285171
19910125,6.363636364,0,0.0649125475285171
19910128,3.818181818,0,0.0649125475285171
19910129,2.545454545,0,0.0649125475285171
19910130,-2.545454545,0,0.0649125475285171
19910131,-2.545454545,0,0.0649125475285171
19910201,-32.03030303,-232,0.0650812620971458
19910204,4.090909091,0,0.0650812620971458
19910205,3.224242424,0,0.0650812620971458
19910206,-0.933333333,0,0.0650812620971458
19910207,-0.551515152,0,0.0650812620971458
19910208,0,0,0.0650812620971458
19910211,-3,0,0.0650812620971458
19910212,-2,0,0.0650812620971458
19910213,-4,0,0.0650812620971458
19910214,1,0,0.0650812620971458
19910215,3,0,0.0650812620971458
19910219,4,0,0.0650812620971458
19910220,0,0,0.0650812620971458
19910221,0,0,0.0650812620971458
19910222,3,0,0.0650812620971458
19910225,-1,0,0.0650812620971458
19910226,2,0,0.0650812620971458
19910227,-1,0,0.0650812620971458
19910228,1,0,0.0650812620971458
19910301,3,0,0.0580431182023961
19910304,0,0,0.0580431182023961
19910305,-1,0,0.0580431182023961
19910306,2,0,0.0580431182023961
19910307,-2,0,0.0580431182023961
19910308,-13,-76,0.0580431182023961
19910311,-4,0,0.0580431182023961
19910312,2,0,0.0580431182023961
19910313,-1,0,0.0580431182023961
19910314,-5,0,0.0580431182023961
19910315,1,0,0.0580431182023961
19910318,2,0,0.0580431182023961
19910319,4,0,0.0580431182023961
19910320,0,0,0.0580431182023961
19910321,-1,0,0.0580431182023961
19910322,0,0,0.0580431182023961
19910325,-1,0,0.0580431182023961
19910326,0,0,0.0580431182023961
19910327,-2,0,0.0580431182023961
19910328,0,0,0.0580431182023961
19910401,1.352941176,0,0.0562479853873429
19910402,-4,0,0.0562479853873429
19910403,0,0,0.0562479853873429
19910404,-7,0,0.0562479853873429
19910405,-3,-61,0.0562479853873429
19910408,1,0,0.0562479853873429
19910409,0,0,0.0562479853873429
19910410,2,0,0.0562479853873429
19910411,-4,0,0.0562479853873429
19910412,-5,0,0.0562479853873429
19910415,1,0,0.0562479853873429
19910416,4,0,0.0562479853873429
19910417,-3,0,0.0562479853873429
19910418,10,0,0.0562479853873429
19910419,0,0,0.0562479853873429
19910422,-2,0,0.0562479853873429
19910423,-2,0,0.0562479853873429
19910424,-1,0,0.0562479853873429
19910425,-1,0,0.0562479853873429
19910426,-1,0,0.0562479853873429
19910429,3,0,0.0562479853873429
19910430,-14,0,0.0562479853873429
19910501,-1,0,0.0536327960387695
19910502,-1,0,0.0536327960387695
19910503,0,12,0.0536327960387695
19910506,0,0,0.0536327960387695
19910507,1,0,0.0536327960387695
19910508,0,0,0.0536327960387695
19910509,0,0,0.0536327960387695
19910510,-1,0,0.0536327960387695
19910513,-2,0,0.0536327960387695
19910514,1,0,0.0536327960387695
19910515,0,0,0.0536327960387695
19910516,0,0,0.0536327960387695
19910517,1.148148148,0,0.0536327960387695
19910520,0,0,0.0536327960387695
19910521,-1.148148148,0,0.0536327960387695
19910522,-2.296296296,0,0.0536327960387695
19910523,0,0,0.0536327960387695
19910524,0,0,0.0536327960387695
19910528,-2.296296296,0,0.0536327960387695
19910529,0,0,0.0536327960387695
19910530,1.148148148,0,0.0536327960387695
19910531,2.296296296,0,0.0536327960387695
19910603,3.444444444,0,0.0525323421254531
19910604,3.444444444,0,0.0525323421254531
19910605,5.740740741,0,0.0525323421254531
19910606,-1.148148148,0,0.0525323421254531
19910607,0,134,0.0525323421254531
19910610,0,0,0.0525323421254531
19910611,0,0,0.0525323421254531
19910612,2.296296296,0,0.0525323421254531
19910613,0,0,0.0525323421254531
19910614,-4.592592593,0,0.0525323421254531
19910617,0,0,0.0525323421254531
19910618,0,0,0.0525323421254531
19910619,0,0,0.0525323421254531
19910620,-2.296296296,0,0.0525323421254531
19910621,-1.148148148,0,0.0525323421254531
19910624,1.148148148,0,0.0525323421254531
19910625,3.444444444,0,0.0525323421254531
19910626,0,0,0.0525323421254531
19910627,-2.296296296,0,0.0525323421254531
19910628,-2.296296296,0,0.0525323421254531
19910701,2.181481481,0,0.0513098416558725
19910702,3.291358025,0,0.0513098416558725
19910703,-3.520987654,0,0.0513098416558725
19910705,-0.114814815,-100,0.0513098416558725
19910708,0,0,0.0513098416558725
19910709,0,0,0.0513098416558725
19910710,-2,0,0.0513098416558725
19910711,-3,0,0.0513098416558725
19910712,-5,0,0.0513098416558725
19910715,1,0,0.0513098416558725
19910716,1,0,0.0513098416558725
19910717,2,0,0.0513098416558725
19910718,0,0,0.0513098416558725
19910719,-3,0,0.0513098416558725
19910722,-1,0,0.0513098416558725
19910723,1,0,0.0513098416558725
19910724,-3,0,0.0513098416558725
19910725,-1,0,0.0513098416558725
19910726,-1,0,0.0513098416558725
19910729,-1,0,0.0513098416558725
19910730,-1,0,0.0513098416558725
19910731,0,0,0.0513098416558725
19910801,-1,0,0.0495489572101097
19910802,-9,-101,0.0495489572101097
19910805,-4,0,0.0495489572101097
19910806,-9,0,0.0495489572101097
19910807,-5,0,0.0495489572101097
19910808,1,0,0.0495489572101097
19910809,-2,0,0.0495489572101097
19910812,-1,0,0.0495489572101097
19910813,1,0,0.0495489572101097
19910814,-8,0,0.0495489572101097
19910815,0,0,0.0495489572101097
19910816,1,0,0.0495489572101097
19910819,-6,0,0.0495489572101097
19910820,-1,0,0.0495489572101097
19910821,6,0,0.0495489572101097
19910822,0,0,0.0495489572101097
19910823,6.2,0,0.0495489572101097
19910826,0,0,0.0495489572101097
19910827,-1.033333333,0,0.0495489572101097
19910828,-5.166666667,0,0.0495489572101097
19910829,-1.033333333,0,0.0495489572101097
19910830,4.133333333,0,0.0495489572101097
19910903,0,0,0.0470724191063174
19910904,-1.033333333,0,0.0470724191063174
19910905,0,0,0.0470724191063174
19910906,-3.1,-6,0.0470724191063174
19910909,-1.033333333,0,0.0470724191063174
19910910,-1.033333333,0,0.0470724191063174
19910911,0,0,0.0470724191063174
19910912,-3.1,0,0.0470724191063174
19910913,-3.3,0,0.0470724191063174
19910916,-3.1,0,0.0470724191063174
19910917,2.066666667,0,0.0470724191063174
19910918,0,0,0.0470724191063174
19910919,1.033333333,0,0.0470724191063174
19910920,-3.1,0,0.0470724191063174
19910923,-3.1,0,0.0470724191063174
19910924,0,0,0.0470724191063174
19910925,0,0,0.0470724191063174
19910926,-3.1,0,0.0470724191063174
19910927,-1.033333333,0,0.0470724191063174
19910930,1.033333333,0,0.0470724191063174
19911001,-0.516666667,0,0.0460227272727273
19911002,-0.861111111,0,0.0460227272727273
19911003,0,0,0.0460227272727273
19911004,-4.8,-16,0.0460227272727273
19911007,-1.2,0,0.0460227272727273
19911008,0,0,0.0460227272727273
19911009,4.8,0,0.0460227272727273
19911010,1.2,0,0.0460227272727273
19911011,-7.2,0,0.0460227272727273
19911014,0,0,0.0460227272727273
19911015,0,0,0.0460227272727273
19911016,1.2,0,0.0460227272727273
19911017,7.2,0,0.0460227272727273
19911018,0,0,0.0460227272727273
19911021,1.2,0,0.0460227272727273
19911022,2.4,0,0.0460227272727273
19911023,-1.2,0,0.0460227272727273
19911024,-6,0,0.0460227272727273
19911025,1.2,0,0.0460227272727273
19911028,-3.6,0,0.0460227272727273
19911029,-7.2,0,0.0460227272727273
19911030,-7.2,0,0.0460227272727273
19911031,-6,0,0.0460227272727273
19911101,0.08,-26,0.0444667597187758
19911104,2.04,0,0.0444667597187758
19911105,2.16,0,0.0444667597187758
19911106,-12.48,0,0.0444667597187758
19911107,0,0,0.0444667597187758
19911108,0,0,0.0444667597187758
19911111,-1,0,0.0444667597187758
19911112,4,0,0.0444667597187758
19911113,5,0,0.0444667597187758
19911114,-5,0,0.0444667597187758
19911115,-3,0,0.0444667597187758
19911118,-5,0,0.0444667597187758
19911119,-3,0,0.0444667597187758
19911120,2,0,0.0444667597187758
19911121,-5,0,0.0444667597187758
19911122,-2,0,0.0444667597187758
19911125,0,0,0.0444667597187758
19911126,-3,0,0.0444667597187758
19911127,-2,0,0.0444667597187758
19911129,-1,0,0.0444667597187758
19911202,0,0,0.0429796330845771
19911203,-2,0,0.0429796330845771
19911204,-4,0,0.0429796330845771
19911205,-1,0,0.0429796330845771
19911206,-11,-211,0.0429796330845771
19911209,-6,0,0.0429796330845771
19911210,-1,0,0.0429796330845771
19911211,4,0,0.0429796330845771
19911212,0,0,0.0429796330845771
19911213,2,0,0.0429796330845771
19911216,-2,0,0.0429796330845771
19911217,-5,0,0.0429796330845771
19911218,6,0,0.0429796330845771
19911219,0,0,0.0429796330845771
19911220,-32.86956522,0,0.0429796330845771
19911223,9.652173913,0,0.0429796330845771
19911224,1.217391304,0,0.0429796330845771
19911226,0,0,0.0429796330845771
19911227,0,0,0.0429796330845771
19911230,-2.434782609,0,0.0429796330845771
19911231,-3.652173913,0,0.0429796330845771
19920102,5.608695652,0,0.0411057630434223
19920103,1,0,0.0411057630434223
19920106,-5,0,0.0411057630434223
19920107,-2,0,0.0411057630434223
19920108,-2,0,0.0411057630434223
19920109,7,0,0.0411057630434223
19920110,2,81,0.0411057630434223
19920113,2,0,0.0411057630434223
19920114,2,0,0.0411057630434223
19920115,1,0,0.0411057630434223
19920116,0,0,0.0411057630434223
19920117,-1,0,0.0411057630434223
19920120,1,0,0.0411057630434223
19920121,-3,0,0.0411057630434223
19920122,1,0,0.0411057630434223
19920123,0,0,0.0411057630434223
19920124,2,0,0.0411057630434223
19920127,0,0,0.0411057630434223
19920128,-3,0,0.0411057630434223
19920129,3,0,0.0411057630434223
19920130,0,0,0.0411057630434223
19920131,0,0,0.0411057630434223
19920203,0,0,0.0385663814651029
19920204,-1,0,0.0385663814651029
19920205,-1,0,0.0385663814651029
19920206,-2,0,0.0385663814651029
19920207,0,-131,0.0385663814651029
19920210,-1,0,0.0385663814651029
19920211,5,0,0.0385663814651029
19920212,0,0,0.0385663814651029
19920213,10,0,0.0385663814651029
19920214,0,0,0.0385663814651029
19920218,2,0,0.0385663814651029
19920219,-1,0,0.0385663814651029
19920220,2,0,0.0385663814651029
19920221,5,0,0.0385663814651029
19920224,1,0,0.0385663814651029
19920225,-4,0,0.0385663814651029
19920226,-1,0,0.0385663814651029
19920227,0,0,0.0385663814651029
19920228,-2,0,0.0385663814651029
19920302,5,0,0.0390811033546636
19920303,0,0,0.0390811033546636
19920304,0,0,0.0390811033546636
19920305,3,0,0.0390811033546636
19920306,-1,140,0.0390811033546636
19920309,0,0,0.0390811033546636
19920310,0,0,0.0390811033546636
19920311,-1,0,0.0390811033546636
19920312,1,0,0.0390811033546636
19920313,2,0,0.0390811033546636
19920316,1,0,0.0390811033546636
19920317,-1,0,0.0390811033546636
19920318,-1,0,0.0390811033546636
19920319,-1,0,0.0390811033546636
19920320,0,0,0.0390811033546636
19920323,0,0,0.0390811033546636
19920324,-2,0,0.0390811033546636
19920325,0,0,0.0390811033546636
19920326,1,0,0.0390811033546636
19920327,0,0,0.0390811033546636
19920330,0,0,0.0390811033546636
19920331,0,0,0.0390811033546636
19920401,-2.266666667,0,0.0397437156323645
19920402,0,0,0.0397437156323645
19920403,-6,-49,0.0397437156323645
19920406,0,0,0.0397437156323645
19920407,-4,0,0.0397437156323645
19920408,-1,0,0.0397437156323645
19920409,-21,0,0.0397437156323645
19920410,1,0,0.0397437156323645
19920413,-3,0,0.0397437156323645
19920414,0,0,0.0397437156323645
19920415,-1,0,0.0397437156323645
19920416,3,0,0.0397437156323645
19920420,2,0,0.0397437156323645
19920421,-1,0,0.0397437156323645
19920422,0,0,0.0397437156323645
19920423,1,0,0.0397437156323645
19920424,-5,0,0.0397437156323645
19920427,2,0,0.0397437156323645
19920428,-1,0,0.0397437156323645
19920429,1,0,0.0397437156323645
19920430,0,0,0.0397437156323645
19920501,-6,0,0.040458751626126
19920504,-1,0,0.040458751626126
19920505,0,0,0.040458751626126
19920506,-2,0,0.040458751626126
19920507,1,0,0.040458751626126
19920508,1,51,0.040458751626126
19920511,-1,0,0.040458751626126
19920512,0,0,0.040458751626126
19920513,-5,0,0.040458751626126
19920514,3,0,0.040458751626126
19920515,3,0,0.040458751626126
19920518,0,0,0.040458751626126
19920519,-8,0,0.040458751626126
19920520,5,0,0.040458751626126
19920521,0,0,0.040458751626126
19920522,-1.033333333,0,0.040458751626126
19920526,3.1,0,0.040458751626126
19920527,-1.033333333,0,0.040458751626126
19920528,-1.033333333,0,0.040458751626126
19920529,0,0,0.040458751626126
19920601,3.1,0,0.040420192377233
19920602,0,0,0.040420192377233
19920603,-4.133333333,0,0.040420192377233
19920604,2.066666667,0,0.040420192377233
19920605,-2.066666667,-35,0.040420192377233
19920608,0,0,0.040420192377233
19920609,0,0,0.040420192377233
19920610,0,0,0.040420192377233
19920611,-2.066666667,0,0.040420192377233
19920612,0,0,0.040420192377233
19920615,0,0,0.040420192377233
19920616,0,0,0.040420192377233
19920617,-1.033333333,0,0.040420192377233
19920618,0,0,0.040420192377233
19920619,2.066666667,0,0.040420192377233
19920622,0,0,0.040420192377233
19920623,0,0,0.040420192377233
19920624,-5.166666667,0,0.040420192377233
19920625,0,0,0.040420192377233
19920626,0,0,0.040420192377233
19920629,-1.033333333,0,0.040420192377233
19920630,0,0,0.040420192377233
19920701,-0.482222222,0,0.0417615793470008
19920702,-35.85666667,-212,0.0417615793470008
19920706,0,0,0.0417615793470008
19920707,-1,0,0.0417615793470008
19920708,-2,0,0.0417615793470008
19920709,-2,0,0.0417615793470008
19920710,-1,0,0.0417615793470008
19920713,-1,0,0.0417615793470008
19920714,-3,0,0.0417615793470008
19920715,-3,0,0.0417615793470008
19920716,0,0,0.0417615793470008
19920717,2,0,0.0417615793470008
19920720,0,0,0.0417615793470008
19920721,1,0,0.0417615793470008
19920722,0,0,0.0417615793470008
19920723,-1,0,0.0417615793470008
19920724,0,0,0.0417615793470008
19920727,1,0,0.0417615793470008
19920728,-1,0,0.0417615793470008
19920729,2,0,0.0417615793470008
19920730,1,0,0.0417615793470008
19920731,0,0,0.0417615793470008
19920803,-2,0,0.0418744729550656
19920804,-1,0,0.0418744729550656
19920805,0,0,0.0418744729550656
19920806,-1,0,0.0418744729550656
19920807,-3,88,0.0418744729550656
19920810,-1,0,0.0418744729550656
19920811,1,0,0.0418744729550656
19920812,1,0,0.0418744729550656
19920813,0,0,0.0418744729550656
19920814,-1,0,0.0418744729550656
19920817,2,0,0.0418744729550656
19920818,-2,0,0.0418744729550656
19920819,1,0,0.0418744729550656
19920820,0,0,0.0418744729550656
19920821,3.72,0,0.0418744729550656
19920824,7.44,0,0.0418744729550656
19920825,1.24,0,0.0418744729550656
19920826,-2.48,0,0.0418744729550656
19920827,0,0,0.0418744729550656
19920828,0,0,0.0418744729550656
19920831,-3.72,0,0.0418744729550656
19920901,-1.24,0,0.0423755174311488
19920902,-1.24,0,0.0423755174311488
19920903,-1.24,0,0.0423755174311488
19920904,-18.8,-233,0.0423755174311488
19920908,-3.72,0,0.0423755174311488
19920909,1.24,0,0.0423755174311488
19920910,-1.24,0,0.0423755174311488
19920911,1.24,0,0.0423755174311488
19920914,-6.2,0,0.0423755174311488
19920915,4.96,0,0.0423755174311488
19920916,0,0,0.0423755174311488
19920917,0,0,0.0423755174311488
19920918,-1.24,0,0.0423755174311488
19920921,1.24,0,0.0423755174311488
19920922,4.96,0,0.0423755174311488
19920923,0,0,0.0423755174311488
19920924,-3.72,0,0.0423755174311488
19920925,-7.44,0,0.0423755174311488
19920928,0,0,0.0423755174311488
19920929,1.24,0,0.0423755174311488
19920930,0,0,0.0423755174311488
19921001,-8.597333333,0,0.0431083922768113
19921002,10.54,-7,0.0431083922768113
19921005,0.330666667,0,0.0431083922768113
19921006,7.026666667,0,0.0431083922768113
19921007,4.712,0,0.0431083922768113
19921008,0,0,0.0431083922768113
19921009,18.46153846,0,0.0431083922768113
19921012,-6.923076923,0,0.0431083922768113
19921013,6.923076923,0,0.0431083922768113
19921014,9.230769231,0,0.0431083922768113
19921015,-2.307692308,0,0.0431083922768113
19921016,0,0,0.0431083922768113
19921019,4.615384615,0,0.0431083922768113
19921020,6.923076923,0,0.0431083922768113
19921021,-4.615384615,0,0.0431083922768113
19921022,0,0,0.0431083922768113
19921023,2.307692308,0,0.0431083922768113
19921026,0,0,0.0431083922768113
19921027,0,0,0.0431083922768113
19921028,0,0,0.0431083922768113
19921029,0,0,0.0431083922768113
19921030,2.307692308,0,0.0431083922768113
19921102,3,0,0.0445818181818182
19921103,-7.615384615,0,0.0445818181818182
19921104,2.461538462,0,0.0445818181818182
19921105,-6.307692308,0,0.0445818181818182
19921106,5.692307692,2,0.0445818181818182
19921109,4.769230769,0,0.0445818181818182
19921110,-4.076923077,0,0.0445818181818182
19921111,-4.076923077,0,0.0445818181818182
19921112,2,0,0.0445818181818182
19921113,1.153846154,0,0.0445818181818182
19921116,0.153846154,0,0.0445818181818182
19921117,-0.461538462,0,0.0445818181818182
19921118,-8.384615385,0,0.0445818181818182
19921119,0,0,0.0445818181818182
19921120,-1,0,0.0445818181818182
19921123,-1,0,0.0445818181818182
19921124,-5,0,0.0445818181818182
19921125,2,0,0.0445818181818182
19921127,1,0,0.0445818181818182
19921130,1,0,0.0445818181818182
19921201,0,0,0.0443193642985526
19921202,-2,0,0.0443193642985526
19921203,-2,0,0.0443193642985526
19921204,-5,45,0.0443193642985526
19921207,-1,0,0.0443193642985526
19921208,-4,0,0.0443193642985526
19921209,-1,0,0.0443193642985526
19921210,0,0,0.0443193642985526
19921211,-2,0,0.0443193642985526
19921214,1,0,0.0443193642985526
19921215,-1,0,0.0443193642985526
19921216,-3,0,0.0443193642985526
19921217,2,0,0.0443193642985526
19921218,-1,0,0.0443193642985526
19921221,1,0,0.0443193642985526
19921222,-2,0,0.0443193642985526
19921223,1,0,0.0443193642985526
19921224,0,0,0.0443193642985526
19921228,1.12,0,0.0443193642985526
19921229,-2.24,0,0.0443193642985526
19921230,-1.12,0,0.0443193642985526
19921231,1.12,0,0.0443193642985526
19930104,-3.36,0,0.043820585804793
19930105,1.12,0,0.043820585804793
19930106,0,0,0.043820585804793
19930107,1.12,0,0.043820585804793
19930108,0,-27,0.043820585804793
19930111,0,0,0.043820585804793
19930112,0,0,0.043820585804793
19930113,0,0,0.043820585804793
19930114,0,0,0.043820585804793
19930115,-2.24,0,0.043820585804793
19930118,-1.12,0,0.043820585804793
19930119,1.12,0,0.043820585804793
19930120,1.12,0,0.043820585804793
19930121,0,0,0.043820585804793
19930122,0,0,0.043820585804793
19930125,-1.12,0,0.043820585804793
19930126,0,0,0.043820585804793
19930127,0,0,0.043820585804793
19930128,-1.12,0,0.043820585804793
19930129,0,0,0.043820585804793
19930201,1.306666667,0,0.0444362750729499
19930202,0.448,0,0.0444362750729499
19930203,-2.090666667,0,0.0444362750729499
19930204,-1.418666667,0,0.0444362750729499
19930205,0,6,0.0444362750729499
19930208,2,0,0.0444362750729499
19930209,1,0,0.0444362750729499
19930210,0,0,0.0444362750729499
19930211,-1,0,0.0444362750729499
19930212,0,0,0.0444362750729499
19930216,-1,0,0.0444362750729499
19930217,-1,0,0.0444362750729499
19930218,-3,0,0.0444362750729499
19930219,1,0,0.0444362750729499
19930222,0,0,0.0444362750729499
19930223,-1,0,0.0444362750729499
19930224,1,0,0.0444362750729499
19930225,0,0,0.0444362750729499
19930226,0,0,0.0444362750729499
19930301,-1,0,0.0443513697079466
19930302,0,0,0.0443513697079466
19930303,-2,0,0.0443513697079466
19930304,-1,0,0.0443513697079466
19930305,5,243,0.0443513697079466
19930308,2,0,0.0443513697079466
19930309,2,0,0.0443513697079466
19930310,-1,0,0.0443513697079466
19930311,-2,0,0.0443513697079466
19930312,-1,0,0.0443513697079466
19930315,2,0,0.0443513697079466
19930316,-2,0,0.0443513697079466
19930317,0,0,0.0443513697079466
19930318,1,0,0.0443513697079466
19930319,1,0,0.0443513697079466
19930322,-1,0,0.0443513697079466
19930323,0,0,0.0443513697079466
19930324,0,0,0.0443513697079466
19930325,0,0,0.0443513697079466
19930326,4.769230769,0,0.0443513697079466
19930329,-2.384615385,0,0.0443513697079466
19930330,0,0,0.0443513697079466
19930331,4.769230769,0,0.0443513697079466
19930401,-4.538461538,0,0.0440732184112316
19930402,0,-122,0.0440732184112316
19930405,0,0,0.0440732184112316
19930406,0,0,0.0440732184112316
19930407,0,0,0.0440732184112316
19930408,-2,0,0.0440732184112316
19930412,-1,0,0.0440732184112316
19930413,-2,0,0.0440732184112316
19930414,0,0,0.0440732184112316
19930415,1,0,0.0440732184112316
19930416,-2,0,0.0440732184112316
19930419,1,0,0.0440732184112316
19930420,-1,0,0.0440732184112316
19930421,1,0,0.0440732184112316
19930422,0,0,0.0440732184112316
19930423,0,0,0.0440732184112316
19930426,2,0,0.0440732184112316
19930427,1,0,0.0440732184112316
19930428,-1,0,0.0440732184112316
19930429,-1,0,0.0440732184112316
19930430,-1,0,0.0440732184112316
19930503,-2,0,0.0443937889320213
19930504,-2,0,0.0443937889320213
19930505,1,0,0.0443937889320213
19930506,0,0,0.0443937889320213
19930507,2,-31,0.0443937889320213
19930510,0,0,0.0443937889320213
19930511,1,0,0.0443937889320213
19930512,2,0,0.0443937889320213
19930513,1,0,0.0443937889320213
19930514,1,0,0.0443937889320213
19930517,1,0,0.0443937889320213
19930518,1,0,0.0443937889320213
19930519,-2,0,0.0443937889320213
19930520,0,0,0.0443937889320213
19930521,3.875,0,0.0443937889320213
19930524,5.166666667,0,0.0443937889320213
19930525,-1.291666667,0,0.0443937889320213
19930526,-1.291666667,0,0.0443937889320213
19930527,5.166666667,0,0.0443937889320213
19930528,0,0,0.0443937889320213
19930601,-5.166666667,0,0.0437956204379562
19930602,2.583333333,0,0.0437956204379562
19930603,-1.291666667,0,0.0437956204379562
19930604,9.041666667,59,0.0437956204379562
19930607,-1.291666667,0,0.0437956204379562
19930608,2.583333333,0,0.0437956204379562
19930609,-3.875,0,0.0437956204379562
19930610,0,0,0.0437956204379562
19930611,-11.625,0,0.0437956204379562
19930614,0,0,0.0437956204379562
19930615,-2.583333333,0,0.0437956204379562
19930616,1.291666667,0,0.0437956204379562
19930617,0,0,0.0437956204379562
19930618,1.291666667,0,0.0437956204379562
19930621,0,0,0.0437956204379562
19930622,0,0,0.0437956204379562
19930623,2.583333333,0,0.0437956204379562
19930624,-1.291666667,0,0.0437956204379562
19930625,-1.291666667,0,0.0437956204379562
19930628,1.291666667,0,0.0437956204379562
19930629,-2.583333333,0,0.0437956204379562
19930630,0,0,0.0437956204379562
19930701,-2.454166667,0,0.0431415435432754
19930702,-1.119444444,-137,0.0431415435432754
19930706,-0.645833333,0,0.0431415435432754
19930707,-1.679166667,0,0.0431415435432754
19930708,2.195833333,0,0.0431415435432754
19930709,0,0,0.0431415435432754
19930712,0,0,0.0431415435432754
19930713,-2.214285714,0,0.0431415435432754
19930714,0,0,0.0431415435432754
19930715,0,0,0.0431415435432754
19930716,-2.214285714,0,0.0431415435432754
19930719,2.214285714,0,0.0431415435432754
19930720,2.214285714,0,0.0431415435432754
19930721,2.214285714,0,0.0431415435432754
19930722,2.214285714,0,0.0431415435432754
19930723,-2.214285714,0,0.0431415435432754
19930726,-4.428571429,0,0.0431415435432754
19930727,2.214285714,0,0.0431415435432754
19930728,-2.214285714,0,0.0431415435432754
19930729,-2.214285714,0,0.0431415435432754
19930730,0,0,0.0431415435432754
19930802,0.295238095,0,0.0440206577388272
19930803,-2.657142857,0,0.0440206577388272
19930804,-1.033333333,0,0.0440206577388272
19930805,-0.369047619,0,0.0440206577388272
19930806,0.295238095,12,0.0440206577388272
19930809,-0.295238095,0,0.0440206577388272
19930810,-1.919047619,0,0.0440206577388272
19930811,2.804761905,0,0.0440206577388272
19930812,-1.992857143,0,0.0440206577388272
19930813,0,0,0.0440206577388272
19930816,-0.295238095,0,0.0440206577388272
19930817,-0.738095238,0,0.0440206577388272
19930818,-0.147619048,0,0.0440206577388272
19930819,0,0,0.0440206577388272
19930820,-1,0,0.0440206577388272
19930823,0,0,0.0440206577388272
19930824,-1,0,0.0440206577388272
19930825,0,0,0.0440206577388272
19930826,-1,0,0.0440206577388272
19930827,1,0,0.0440206577388272
19930830,0,0,0.0440206577388272
19930831,0,0,0.0440206577388272
19930901,0,0,0.0441503534230286
19930902,-1,0,0.0441503534230286
19930903,-3,-189,0.0441503534230286
19930907,0,0,0.0441503534230286
19930908,1,0,0.0441503534230286
19930909,2,0,0.0441503534230286
19930910,0,0,0.0441503534230286
19930913,-1,0,0.0441503534230286
19930914,1,0,0.0441503534230286
19930915,0,0,0.0441503534230286
19930916,1,0,0.0441503534230286
19930917,1,0,0.0441503534230286
19930920,0,0,0.0441503534230286
19930921,0,0,0.0441503534230286
19930922,0,0,0.0441503534230286
19930923,0,0,0.0441503534230286
19930924,2.142857143,0,0.0441503534230286
19930927,-4.285714286,0,0.0441503534230286
19930928,2.142857143,0,0.0441503534230286
19930929,0,0,0.0441503534230286
19930930,0,0,0.0441503534230286
19931001,0,0,0.0444429927706646
19931004,0,0,0.0444429927706646
19931005,-2.142857143,0,0.0444429927706646
19931006,2.142857143,0,0.0444429927706646
19931007,-4.285714286,0,0.0444429927706646
19931008,0,1,0.0444429927706646
19931011,0,0,0.0444429927706646
19931012,4.285714286,0,0.0444429927706646
19931013,0,0,0.0444429927706646
19931014,-2.142857143,0,0.0444429927706646
19931015,0,0,0.0444429927706646
19931018,0,0,0.0444429927706646
19931019,0,0,0.0444429927706646
19931020,0,0,0.0444429927706646
19931021,0,0,0.0444429927706646
19931022,2.142857143,0,0.0444429927706646
19931025,0,0,0.0444429927706646
19931026,0,0,0.0444429927706646
19931027,0,0,0.0444429927706646
19931028,0,0,0.0444429927706646
19931029,2.142857143,0,0.0444429927706646
19931101,-1.071428571,0,0.0450528131062729
19931102,2,0,0.0450528131062729
19931103,-2,0,0.0450528131062729
19931104,0.071428571,0,0.0450528131062729
19931105,0.357142857,17,0.0450528131062729
19931108,-0.285714286,0,0.0450528131062729
19931109,-1.785714286,0,0.0450528131062729
19931110,-3.642857143,0,0.0450528131062729
19931111,-1.5,0,0.0450528131062729
19931112,-2.357142857,0,0.0450528131062729
19931115,2.642857143,0,0.0450528131062729
19931116,-4.428571429,0,0.0450528131062729
19931117,2.214285714,0,0.0450528131062729
19931118,0,0,0.0450528131062729
19931119,1,0,0.0450528131062729
19931122,-1,0,0.0450528131062729
19931123,-1,0,0.0450528131062729
19931124,-3,0,0.0450528131062729
19931126,-2,0,0.0450528131062729
19931129,1,0,0.0450528131062729
19931130,1,0,0.0450528131062729
19931201,-1,0,0.046209682645985
19931202,0,0,0.046209682645985
19931203,0,37,0.046209682645985
19931206,-1,0,0.046209682645985
19931207,-1,0,0.046209682645985
19931208,-2,0,0.046209682645985
19931209,0,0,0.046209682645985
19931210,0,0,0.046209682645985
19931213,1,0,0.046209682645985
19931214,-1,0,0.046209682645985
19931215,-1,0,0.046209682645985
19931216,-1,0,0.046209682645985
19931217,-3,0,0.046209682645985
19931220,1,0,0.046209682645985
19931221,0,0,0.046209682645985
19931222,0,0,0.046209682645985
19931223,0,0,0.046209682645985
19931227,0,0,0.046209682645985
19931228,0,0,0.046209682645985
19931229,-1.12,0,0.046209682645985
19931230,0,0,0.046209682645985
19931231,0,0,0.046209682645985
19940103,1.12,0,0.0469792896233501
19940104,0,0,0.0469792896233501
19940105,-1.12,0,0.0469792896233501
19940106,-2.24,0,0.0469792896233501
19940107,-3.36,-42,0.0469792896233501
19940110,-1.12,0,0.0469792896233501
19940111,-1.12,0,0.0469792896233501
19940112,0,0,0.0469792896233501
19940113,1.12,0,0.0469792896233501
19940114,0,0,0.0469792896233501
19940117,0,0,0.0469792896233501
19940118,-1.12,0,0.0469792896233501
19940119,0,0,0.0469792896233501
19940120,0,0,0.0469792896233501
19940121,0,0,0.0469792896233501
19940124,0,0,0.0469792896233501
19940125,0,0,0.0469792896233501
19940126,0,0,0.0469792896233501
19940127,0,0,0.0469792896233501
19940128,0,0,0.0469792896233501
19940131,0,0,0.0469792896233501
19940201,4.666666667,0,0.0468439079050297
19940202,1.082666667,0,0.0468439079050297
19940203,5.152,0,0.0468439079050297
19940204,11.424,-118,0.0468439079050297
19940207,0,0,0.0468439079050297
19940208,1,0,0.0468439079050297
19940209,0,0,0.0468439079050297
19940210,1,0,0.0468439079050297
19940211,-1,0,0.0468439079050297
19940214,0,0,0.0468439079050297
19940215,1,0,0.0468439079050297
19940216,1,0,0.0468439079050297
19940217,2,0,0.0468439079050297
19940218,4,0,0.0468439079050297
19940222,-1,0,0.0468439079050297
19940223,4,0,0.0468439079050297
19940224,2,0,0.0468439079050297
19940225,1,0,0.0468439079050297
19940228,-4,0,0.0468439079050297
19940301,7,0,0.0475705076551168
19940302,0,0,0.0475705076551168
19940303,1,0,0.0475705076551168
19940304,2,67,0.0475705076551168
19940307,-1,0,0.0475705076551168
19940308,1,0,0.0475705076551168
19940309,-1,0,0.0475705076551168
19940310,-2,0,0.0475705076551168
19940311,-1,0,0.0475705076551168
19940314,1,0,0.0475705076551168
19940315,0,0,0.0475705076551168
19940316,-3,0,0.0475705076551168
19940317,0,0,0.0475705076551168
19940318,5,0,0.0475705076551168
19940321,2,0,0.0475705076551168
19940322,-4,0,0.0475705076551168
19940323,0,0,0.0475705076551168
19940324,4.133333333,0,0.0475705076551168
19940325,-2.066666667,0,0.0475705076551168
19940328,2.066666667,0,0.0475705076551168
19940329,6.2,0,0.0475705076551168
19940330,0,0,0.0475705076551168
19940331,0,0,0.0475705076551168
19940404,2,226,0.0489640154373558
19940405,-4,0,0.0489640154373558
19940406,-3,0,0.0489640154373558
19940407,-2,0,0.0489640154373558
19940408,3,0,0.0489640154373558
19940411,-2,0,0.0489640154373558
19940412,-2,0,0.0489640154373558
19940413,1,0,0.0489640154373558
19940414,1,0,0.0489640154373558
19940415,2,0,0.0489640154373558
19940418,10,0,0.0489640154373558
19940419,2,0,0.0489640154373558
19940420,2,0,0.0489640154373558
19940421,-3,0,0.0489640154373558
19940422,4,0,0.0489640154373558
19940425,1,0,0.0489640154373558
19940426,1,0,0.0489640154373558
19940428,2,0,0.0489640154373558
19940429,1,0,0.0489640154373558
19940502,2,0,0.0526351094515126
19940503,2,0,0.0526351094515126
19940504,0,0,0.0526351094515126
19940505,0,0,0.0526351094515126
19940506,13,92,0.0526351094515126
19940509,7,0,0.0526351094515126
19940510,-6,0,0.0526351094515126
19940511,1,0,0.0526351094515126
19940512,-7,0,0.0526351094515126
19940513,-6,0,0.0526351094515126
19940516,-1,0,0.0526351094515126
19940517,5,0,0.0526351094515126
19940518,0,0,0.0526351094515126
19940519,-8.346153846,0,0.0526351094515126
19940520,2.384615385,0,0.0526351094515126
19940523,5.961538462,0,0.0526351094515126
19940524,-1.192307692,0,0.0526351094515126
19940525,0,0,0.0526351094515126
19940526,-3.576923077,0,0.0526351094515126
19940527,3.576923077,0,0.0526351094515126
19940531,1.192307692,0,0.0526351094515126
19940601,-1.192307692,0,0.054047460634287
19940602,-2.384615385,0,0.054047460634287
19940603,-5.961538462,-84,0.054047460634287
19940606,-5.961538462,0,0.054047460634287
19940607,1.192307692,0,0.054047460634287
19940608,-2.384615385,0,0.054047460634287
19940609,-1.192307692,0,0.054047460634287
19940610,0,0,0.054047460634287
19940613,2.384615385,0,0.054047460634287
19940614,-3.576923077,0,0.054047460634287
19940615,1.192307692,0,0.054047460634287
19940616,-1.192307692,0,0.054047460634287
19940617,1.192307692,0,0.054047460634287
19940620,2.384615385,0,0.054047460634287
19940621,4.769230769,0,0.054047460634287
19940622,-1.192307692,0,0.054047460634287
19940623,-2.384615385,0,0.054047460634287
19940624,3.576923077,0,0.054047460634287
19940627,0,0,0.054047460634287
19940628,4.769230769,0,0.054047460634287
19940629,-2.384615385,0,0.054047460634287
19940630,4.769230769,0,0.054047460634287
19940701,0.516666667,0,0.0554053162720137
19940705,-4.729487179,0,0.0554053162720137
19940706,-7.829487179,0,0.0554053162720137
19940707,0,0,0.0554053162720137
19940708,13.5625,137,0.0554053162720137
19940711,0,0,0.0554053162720137
19940712,-3.875,0,0.0554053162720137
19940713,-1.9375,0,0.0554053162720137
19940714,-17.4375,0,0.0554053162720137
19940715,-9.6875,0,0.0554053162720137
19940718,-7.75,0,0.0554053162720137
19940719,-9.6875,0,0.0554053162720137
19940720,7.75,0,0.0554053162720137
19940721,1.9375,0,0.0554053162720137
19940722,3.875,0,0.0554053162720137
19940725,-1.9375,0,0.0554053162720137
19940726,0,0,0.0554053162720137
19940727,1.9375,0,0.0554053162720137
19940728,-3.875,0,0.0554053162720137
19940729,-17.4375,0,0.0554053162720137
19940801,1.35625,0,0.0573992024811697
19940802,-1.679166667,0,0.0573992024811697
19940803,-3.875,0,0.0573992024811697
19940804,3.68125,0,0.0573992024811697
19940805,11.43125,49,0.0573992024811697
19940808,-2.260416667,0,0.0573992024811697
19940809,0.129166667,0,0.0573992024811697
19940810,-5.425,0,0.0573992024811697
19940811,4.06875,0,0.0573992024811697
19940812,2.13125,0,0.0573992024811697
19940815,0.322916667,0,0.0573992024811697
19940816,16.14583333,0,0.0573992024811697
19940817,0,0,0.0573992024811697
19940818,1,0,0.0573992024811697
19940819,0,0,0.0573992024811697
19940822,1,0,0.0573992024811697
19940823,-2,0,0.0573992024811697
19940824,-3,0,0.0573992024811697
19940825,2,0,0.0573992024811697
19940826,-1,0,0.0573992024811697
19940829,0,0,0.0573992024811697
19940830,0,0,0.0573992024811697
19940831,0,0,0.0573992024811697
19940901,-1,0,0.0573410305014648
19940902,-1,-54,0.0573410305014648
19940906,0,0,0.0573410305014648
19940907,0,0,0.0573410305014648
19940908,-1,0,0.0573410305014648
19940909,3,0,0.0573410305014648
19940912,1,0,0.0573410305014648
19940913,-1,0,0.0573410305014648
19940914,-2,0,0.0573410305014648
19940915,-1,0,0.0573410305014648
19940916,6,0,0.0573410305014648
19940919,0,0,0.0573410305014648
19940920,4,0,0.0573410305014648
19940921,9,0,0.0573410305014648
19940922,-4,0,0.0573410305014648
19940923,1,0,0.0573410305014648
19940926,2,0,0.0573410305014648
19940927,-8,0,0.0573410305014648
19940928,0,0,0.0573410305014648
19940929,9.375,0,0.0573410305014648
19940930,1.875,0,0.0573410305014648
19941003,5.625,0,0.0585274970018845
19941004,0,0,0.0585274970018845
19941005,3.75,0,0.0585274970018845
19941006,0,0,0.0585274970018845
19941007,-11.25,-11,0.0585274970018845
19941010,-3.75,0,0.0585274970018845
19941011,-7.5,0,0.0585274970018845
19941012,1.875,0,0.0585274970018845
19941013,-7.5,0,0.0585274970018845
19941014,-9.375,0,0.0585274970018845
19941017,0,0,0.0585274970018845
19941018,-1.875,0,0.0585274970018845
19941019,1.875,0,0.0585274970018845
19941020,7.5,0,0.0585274970018845
19941021,0,0,0.0585274970018845
19941024,1.875,0,0.0585274970018845
19941025,-1.875,0,0.0585274970018845
19941026,-1.875,0,0.0585274970018845
19941027,-3.75,0,0.0585274970018845
19941028,-5.625,0,0.0585274970018845
19941031,1.875,0,0.0585274970018845
19941101,3.6875,0,0.0612750910933356
19941102,6.125,0,0.0612750910933356
19941103,2.125,0,0.0612750910933356
19941104,-1.3125,-51,0.0612750910933356
19941107,-3.375,0,0.0612750910933356
19941108,1.5,0,0.0612750910933356
19941109,-5.1875,0,0.0612750910933356
19941110,0.375,0,0.0612750910933356
19941111,4.125,0,0.0612750910933356
19941114,-0.8125,0,0.0612750910933356
19941115,12.5625,0,0.0612750910933356
19941116,0,0,0.0612750910933356
19941117,0,0,0.0612750910933356
19941118,-1,0,0.0612750910933356
19941121,-1,0,0.0612750910933356
19941122,-2,0,0.0612750910933356
19941123,-6,0,0.0612750910933356
19941125,1,0,0.0612750910933356
19941128,5,0,0.0612750910933356
19941129,7,0,0.0612750910933356
19941130,3,0,0.0612750910933356
19941201,4,0,0.0640116266458428
19941202,6,100,0.0640116266458428
19941205,6,0,0.0640116266458428
19941206,-6,0,0.0640116266458428
19941207,-4,0,0.0640116266458428
19941208,1,0,0.0640116266458428
19941209,-2,0,0.0640116266458428
19941212,3,0,0.0640116266458428
19941213,1,0,0.0640116266458428
19941214,-5,0,0.0640116266458428
19941215,-5,0,0.0640116266458428
19941216,0,0,0.0640116266458428
19941219,-3,0,0.0640116266458428
19941220,-11,0,0.0640116266458428
19941221,0,0,0.0640116266458428
19941222,6,0,0.0640116266458428
19941223,1,0,0.0640116266458428
19941227,-3,0,0.0640116266458428
19941228,2,0,0.0640116266458428
19941229,-2,0,0.0640116266458428
19941230,0,0,0.0640116266458428
19950103,-2,0,0.0672246754102682
19950104,-7,0,0.0672246754102682
19950105,0,0,0.0672246754102682
19950106,1,-4,0.0672246754102682
19950109,0,0,0.0672246754102682
19950110,-4,0,0.0672246754102682
19950111,-6,0,0.0672246754102682
19950112,-2,0,0.0672246754102682
19950113,-8,0,0.0672246754102682
19950116,0,0,0.0672246754102682
19950117,1,0,0.0672246754102682
19950118,0,0,0.0672246754102682
19950119,4,0,0.0672246754102682
19950120,-1,0,0.0672246754102682
19950123,-1,0,0.0672246754102682
19950124,1,0,0.0672246754102682
19950125,-5,0,0.0672246754102682
19950126,0,0,0.0672246754102682
19950127,-2,0,0.0672246754102682
19950130,-1,0,0.0672246754102682
19950131,2,0,0.0672246754102682
19950201,7.5,0,0.0671681891456206
19950202,0,0,0.0671681891456206
19950203,-13,-91,0.0671681891456206
19950206,1,0,0.0671681891456206
19950207,-1,0,0.0671681891456206
19950208,-1,0,0.0671681891456206
19950209,2,0,0.0671681891456206
19950210,2,0,0.0671681891456206
19950213,0,0,0.0671681891456206
19950214,-3,0,0.0671681891456206
19950215,-3,0,0.0671681891456206
19950216,-4,0,0.0671681891456206
19950217,1,0,0.0671681891456206
19950221,1,0,0.0671681891456206
19950222,-6,0,0.0671681891456206
19950223,-1,0,0.0671681891456206
19950224,1,0,0.0671681891456206
19950227,-1,0,0.0671681891456206
19950228,1,0,0.0671681891456206
19950301,0,0,0.0661935590969455
19950302,0,0,0.0661935590969455
19950303,2,0,0.0661935590969455
19950306,1,0,0.0661935590969455
19950307,3,0,0.0661935590969455
19950308,-3,0,0.0661935590969455
19950309,-3,0,0.0661935590969455
19950310,0,86,0.0661935590969455
19950313,-2,0,0.0661935590969455
19950314,-1,0,0.0661935590969455
19950315,1,0,0.0661935590969455
19950316,-2,0,0.0661935590969455
19950317,0,0,0.0661935590969455
19950320,0,0,0.0661935590969455
19950321,1,0,0.0661935590969455
19950322,0,0,0.0661935590969455
19950323,0,0,0.0661935590969455
19950324,-1,0,0.0661935590969455
19950327,0,0,0.0661935590969455
19950328,0,0,0.0661935590969455
19950329,0,0,0.0661935590969455
19950330,0,0,0.0661935590969455
19950331,6.888888889,0,0.0661935590969455
19950403,-10,0,0.0660042583392477
19950404,-1,0,0.0660042583392477
19950405,0,0,0.0660042583392477
19950406,-5,0,0.0660042583392477
19950407,0,-22,0.0660042583392477
19950410,0,0,0.0660042583392477
19950411,-3,0,0.0660042583392477
19950412,0,0,0.0660042583392477
19950413,-5,0,0.0660042583392477
19950417,0,0,0.0660042583392477
19950418,0,0,0.0660042583392477
19950419,0,0,0.0660042583392477
19950420,-3,0,0.0660042583392477
19950421,-1,0,0.0660042583392477
19950424,2,0,0.0660042583392477
19950425,0,0,0.0660042583392477
19950426,0,0,0.0660042583392477
19950427,0,0,0.0660042583392477
19950428,1,0,0.0660042583392477
19950501,0,0,0.0653200370144317
19950502,-1,0,0.0653200370144317
19950503,-2,0,0.0653200370144317
19950504,-2,0,0.0653200370144317
19950505,-3,-159,0.0653200370144317
19950508,2,0,0.0653200370144317
19950509,0,0,0.0653200370144317
19950510,0,0,0.0653200370144317
19950511,0,0,0.0653200370144317
19950512,1,0,0.0653200370144317
19950515,1,0,0.0653200370144317
19950516,-2,0,0.0653200370144317
19950517,0,0,0.0653200370144317
19950518,0,0,0.0653200370144317
19950519,-1,0,0.0653200370144317
19950522,1,0,0.0653200370144317
19950523,1,0,0.0653200370144317
19950524,0,0,0.0653200370144317
19950525,0,0,0.0653200370144317
19950526,1.192307692,0,0.0653200370144317
19950530,-1.192307692,0,0.0653200370144317
19950531,1.192307692,0,0.0653200370144317
19950601,-8.346153846,0,0.0645335140604418
19950602,-9.538461538,-274,0.0645335140604418
19950605,4.769230769,0,0.0645335140604418
19950606,3.576923077,0,0.0645335140604418
19950607,4.769230769,0,0.0645335140604418
19950608,3.576923077,0,0.0645335140604418
19950609,1.192307692,0,0.0645335140604418
19950612,-1.192307692,0,0.0645335140604418
19950613,-10.73076923,0,0.0645335140604418
19950614,1.192307692,0,0.0645335140604418
19950615,1.192307692,0,0.0645335140604418
19950616,1.192307692,0,0.0645335140604418
19950619,-1.192307692,0,0.0645335140604418
19950620,1.192307692,0,0.0645335140604418
19950621,0,0,0.0645335140604418
19950622,-4.769230769,0,0.0645335140604418
19950623,1.192307692,0,0.0645335140604418
19950626,3.576923077,0,0.0645335140604418
19950627,0,0,0.0645335140604418
19950628,-1.192307692,0,0.0645335140604418
19950629,8.346153846,0,0.0645335140604418
19950630,-3.576923077,0,0.0645335140604418
19950703,-0.755128205,0,0.0638360990080653
19950705,-8.743589744,0,0.0638360990080653
19950706,-2.424358974,0,0.0638360990080653
19950707,0,90,0.0638360990080653
19950710,0,0,0.0638360990080653
19950711,3.1,0,0.0638360990080653
19950712,-3.1,0,0.0638360990080653
19950713,3.1,0,0.0638360990080653
19950714,3.1,0,0.0638360990080653
19950717,0,0,0.0638360990080653
19950718,0,0,0.0638360990080653
19950719,0,0,0.0638360990080653
19950720,0,0,0.0638360990080653
19950721,3.1,0,0.0638360990080653
19950724,0,0,0.0638360990080653
19950725,-3.1,0,0.0638360990080653
19950726,0,0,0.0638360990080653
19950727,0,0,0.0638360990080653
19950728,-3.1,0,0.0638360990080653
19950731,3.1,0,0.0638360990080653
19950801,2.066666667,0,0.0622207869099521
19950802,-4.753333333,0,0.0622207869099521
19950803,2.686666667,0,0.0622207869099521
19950804,0.31,-70,0.0622207869099521
19950807,2.996666667,0,0.0622207869099521
19950808,0.516666667,0,0.0622207869099521
19950809,0.826666667,0,0.0622207869099521
19950810,0.723333333,0,0.0622207869099521
19950811,0.826666667,0,0.0622207869099521
19950814,-3.203333333,0,0.0622207869099521
19950815,1.55,0,0.0622207869099521
19950816,-1.136666667,0,0.0622207869099521
19950817,-0.103333333,0,0.0622207869099521
19950818,-2.376666667,0,0.0622207869099521
19950821,0.413333333,0,0.0622207869099521
19950822,0.723333333,0,0.0622207869099521
19950823,0,0,0.0622207869099521
19950824,-4,0,0.0622207869099521
19950825,-2,0,0.0622207869099521
19950828,0,0,0.0622207869099521
19950829,3,0,0.0622207869099521
19950830,-1,0,0.0622207869099521
19950831,-1,0,0.0622207869099521
19950901,0,84,0.0624742894958058
19950905,2,0,0.0624742894958058
19950906,0,0,0.0624742894958058
19950907,3,0,0.0624742894958058
19950908,0,0,0.0624742894958058
19950911,1,0,0.0624742894958058
19950912,-2,0,0.0624742894958058
19950913,2,0,0.0624742894958058
19950914,-4,0,0.0624742894958058
19950915,1,0,0.0624742894958058
19950918,2,0,0.0624742894958058
19950919,-2,0,0.0624742894958058
19950920,1,0,0.0624742894958058
19950921,3,0,0.0624742894958058
19950922,0,0,0.0624742894958058
19950925,1,0,0.0624742894958058
19950926,4,0,0.0624742894958058
19950927,0,0,0.0624742894958058
19950928,1.875,0,0.0624742894958058
19950929,-5.625,0,0.0624742894958058
19951002,3.75,0,0.0607840765761874
19951003,-1.875,0,0.0607840765761874
19951004,-1.875,0,0.0607840765761874
19951005,1.875,0,0.0607840765761874
19951006,0,-29,0.0607840765761874
19951009,0,0,0.0607840765761874
19951010,1.875,0,0.0607840765761874
19951011,0,0,0.0607840765761874
19951012,0,0,0.0607840765761874
19951013,0,0,0.0607840765761874
19951016,0,0,0.0607840765761874
19951017,0,0,0.0607840765761874
19951018,1.875,0,0.0607840765761874
19951019,0,0,0.0607840765761874
19951020,1.875,0,0.0607840765761874
19951023,1.875,0,0.0607840765761874
19951024,-1.875,0,0.0607840765761874
19951025,1.875,0,0.0607840765761874
19951026,-1.875,0,0.0607840765761874
19951027,1.875,0,0.0607840765761874
19951030,0,0,0.0607840765761874
19951031,0,0,0.0607840765761874
19951101,-1.9375,0,0.0596536402936938
19951102,0.1875,0,0.0596536402936938
19951103,2.4375,-14,0.0596536402936938
19951106,-0.6875,0,0.0596536402936938
19951107,2.5,0,0.0596536402936938
19951108,-2.0625,0,0.0596536402936938
19951109,0.0625,0,0.0596536402936938
19951110,2.3125,0,0.0596536402936938
19951113,-1.8125,0,0.0596536402936938
19951114,-0.6875,0,0.0596536402936938
19951115,4.4375,0,0.0596536402936938
19951116,0,0,0.0596536402936938
19951117,-2.384615385,0,0.0596536402936938
19951120,-2.384615385,0,0.0596536402936938
19951121,2.384615385,0,0.0596536402936938
19951122,2.384615385,0,0.0596536402936938
19951124,4.769230769,0,0.0596536402936938
19951127,0,0,0.0596536402936938
19951128,0,0,0.0596536402936938
19951129,2.384615385,0,0.0596536402936938
19951130,-2.384615385,0,0.0596536402936938
19951201,3.894871795,0,0.0577077561164005
19951204,-3.497435897,0,0.0577077561164005
19951205,-2.146153846,0,0.0577077561164005
19951206,-0.715384615,0,0.0577077561164005
19951207,1.828205128,0,0.0577077561164005
19951208,1.351282051,6,0.0577077561164005
19951211,-1.033333333,0,0.0577077561164005
19951212,2.861538462,0,0.0577077561164005
19951213,-0.794871795,0,0.0577077561164005
19951214,-0.556410256,0,0.0577077561164005
19951215,-1.430769231,0,0.0577077561164005
19951218,-0.079487179,0,0.0577077561164005
19951219,-10.57179487,0,0.0577077561164005
19951220,0,0,0.0577077561164005
19951221,1,0,0.0577077561164005
19951222,-1,0,0.0577077561164005
19951226,0,0,0.0577077561164005
19951227,-1,0,0.0577077561164005
19951228,-1,0,0.0577077561164005
19951229,0,0,0.0577077561164005
19960102,1,0,0.0552581479733798
19960103,0,0,0.0552581479733798
19960104,0,0,0.0552581479733798
19960105,1,0,0.0552581479733798
19960108,0,0,0.0552581479733798
19960109,0,0,0.0552581479733798
19960110,3,0,0.0552581479733798
19960111,-2,0,0.0552581479733798
19960112,-1,0,0.0552581479733798
19960115,0,0,0.0552581479733798
19960116,-2,0,0.0552581479733798
19960117,0,0,0.0552581479733798
19960118,-2,0,0.0552581479733798
19960119,1,11,0.0552581479733798
19960122,1,0,0.0552581479733798
19960123,0,0,0.0552581479733798
19960124,0,0,0.0552581479733798
19960125,0,0,0.0552581479733798
19960126,-1,0,0.0552581479733798
19960129,0,0,0.0552581479733798
19960130,-3,0,0.0552581479733798
19960131,-7,0,0.0552581479733798
19960201,0,0,0.0553150939097035
19960202,-3,-284,0.0553150939097035
19960205,1,0,0.0553150939097035
19960206,0,0,0.0553150939097035
19960207,0,0,0.0553150939097035
19960208,-1,0,0.0553150939097035
19960209,-1,0,0.0553150939097035
19960212,0,0,0.0553150939097035
19960213,0,0,0.0553150939097035
19960214,1,0,0.0553150939097035
19960215,2,0,0.0553150939097035
19960216,1,0,0.0553150939097035
19960220,7,0,0.0553150939097035
19960221,-2,0,0.0553150939097035
19960222,-1,0,0.0553150939097035
19960223,1,0,0.0553150939097035
19960226,2,0,0.0553150939097035
19960227,1,0,0.0553150939097035
19960228,2,0,0.0553150939097035
19960229,0,0,0.0553150939097035
19960301,-5,0,0.0523652123040921
19960304,1,0,0.0523652123040921
19960305,2,0,0.0523652123040921
19960306,1,0,0.0523652123040921
19960307,0,0,0.0523652123040921
19960308,8,408,0.0523652123040921
19960311,-1,0,0.0523652123040921
19960312,1,0,0.0523652123040921
19960313,-1,0,0.0523652123040921
19960314,0,0,0.0523652123040921
19960315,3,0,0.0523652123040921
19960318,1,0,0.0523652123040921
19960319,0,0,0.0523652123040921
19960320,-1,0,0.0523652123040921
19960321,0,0,0.0523652123040921
19960322,0,0,0.0523652123040921
19960325,0,0,0.0523652123040921
19960326,1,0,0.0523652123040921
19960327,0,0,0.0523652123040921
19960328,2.818181818,0,0.0523652123040921
19960329,-5.636363636,0,0.0523652123040921
19960401,0,0,0.0526063640718933
19960402,0,0,0.0526063640718933
19960403,0,0,0.0526063640718933
19960404,0,0,0.0526063640718933
19960408,1,65,0.0526063640718933
19960409,-1,0,0.0526063640718933
19960410,0,0,0.0526063640718933
19960411,1,0,0.0526063640718933
19960412,-2,0,0.0526063640718933
19960415,-1,0,0.0526063640718933
19960416,0,0,0.0526063640718933
19960417,0,0,0.0526063640718933
19960418,1,0,0.0526063640718933
19960419,-1,0,0.0526063640718933
19960422,0,0,0.0526063640718933
19960423,0,0,0.0526063640718933
19960424,0,0,0.0526063640718933
19960425,0,0,0.0526063640718933
19960426,0,0,0.0526063640718933
19960429,0,0,0.0526063640718933
19960430,1,0,0.0526063640718933
19960501,-1,0,0.0530463402197259
19960502,2,0,0.0530463402197259
19960503,-1,-126,0.0530463402197259
19960506,-1,0,0.0530463402197259
19960507,0,0,0.0530463402197259
19960508,0,0,0.0530463402197259
19960509,0,0,0.0530463402197259
19960510,0,0,0.0530463402197259
19960513,0,0,0.0530463402197259
19960514,0,0,0.0530463402197259
19960515,0,0,0.0530463402197259
19960516,0,0,0.0530463402197259
19960517,0,0,0.0530463402197259
19960520,-1,0,0.0530463402197259
19960521,1,0,0.0530463402197259
19960522,0,0,0.0530463402197259
19960523,0,0,0.0530463402197259
19960524,0,0,0.0530463402197259
19960528,0,0,0.0530463402197259
19960529,3.206896552,0,0.0530463402197259
19960530,-1.068965517,0,0.0530463402197259
19960531,1.068965517,0,0.0530463402197259
19960603,1.068965517,0,0.0523569710993149
19960604,-2.137931034,0,0.0523569710993149
19960605,0,0,0.0523569710993149
19960606,-1.068965517,0,0.0523569710993149
19960607,7.482758621,178,0.0523569710993149
19960610,0,0,0.0523569710993149
19960611,-3.206896552,0,0.0523569710993149
19960612,1.068965517,0,0.0523569710993149
19960613,-1.068965517,0,0.0523569710993149
19960614,-1.068965517,0,0.0523569710993149
19960617,-2.137931034,0,0.0523569710993149
19960618,1.068965517,0,0.0523569710993149
19960619,1.068965517,0,0.0523569710993149
19960620,1.068965517,0,0.0523569710993149
19960621,0,0,0.0523569710993149
19960624,-1.068965517,0,0.0523569710993149
19960625,0,0,0.0523569710993149
19960626,1.068965517,0,0.0523569710993149
19960627,-3.206896552,0,0.0523569710993149
19960628,-3.206896552,0,0.0523569710993149
19960701,-7.482758621,0,0.0522213911742708
19960702,6.805747126,0,0.0522213911742708
19960703,-5.273563218,0,0.0522213911742708
19960705,0,0,0.0522213911742708
19960708,0,0,0.0522213911742708
19960709,-7.75,0,0.0522213911742708
19960710,-7.75,0,0.0522213911742708
19960711,-5.166666667,0,0.0522213911742708
19960712,0,0,0.0522213911742708
19960715,2.583333333,0,0.0522213911742708
19960716,-7.75,0,0.0522213911742708
19960717,2.583333333,0,0.0522213911742708
19960718,-7.75,0,0.0522213911742708
19960719,2.583333333,0,0.0522213911742708
19960722,0,0,0.0522213911742708
19960723,0,0,0.0522213911742708
19960724,0,0,0.0522213911742708
19960725,2.583333333,0,0.0522213911742708
19960726,0,0,0.0522213911742708
19960729,2.583333333,0,0.0522213911742708
19960730,-2.583333333,0,0.0522213911742708
19960731,-2.583333333,0,0.0522213911742708
19960801,-8.955555556,0,0.0547662521154533
19960802,-2.066666667,3,0.0547662521154533
19960805,-0.430555556,0,0.0547662521154533
19960806,-1.291666667,0,0.0547662521154533
19960807,0.258333333,0,0.0547662521154533
19960808,0.861111111,0,0.0547662521154533
19960809,0,0,0.0547662521154533
19960812,-0.602777778,0,0.0547662521154533
19960813,1.808333333,0,0.0547662521154533
19960814,-3.616666667,0,0.0547662521154533
19960815,-1.980555556,0,0.0547662521154533
19960816,-0.430555556,0,0.0547662521154533
19960819,-0.602777778,0,0.0547662521154533
19960820,-2.411111111,0,0.0547662521154533
19960821,0,0,0.0547662521154533
19960822,0,0,0.0547662521154533
19960823,2,0,0.0547662521154533
19960826,3,0,0.0547662521154533
19960827,-2,0,0.0547662521154533
19960828,0,0,0.0547662521154533
19960829,2,0,0.0547662521154533
19960830,3,0,0.0547662521154533
19960903,5,0,0.0537766342729522
19960904,0,0,0.0537766342729522
19960905,-2,0,0.0537766342729522
19960906,-1,12,0.0537766342729522
19960909,-2,0,0.0537766342729522
19960910,1,0,0.0537766342729522
19960911,1,0,0.0537766342729522
19960912,-3,0,0.0537766342729522
19960913,-6,0,0.0537766342729522
19960916,0,0,0.0537766342729522
19960917,4,0,0.0537766342729522
19960918,1,0,0.0537766342729522
19960919,1,0,0.0537766342729522
19960920,0,0,0.0537766342729522
19960923,0,0,0.0537766342729522
19960924,-13,0,0.0537766342729522
19960925,0,0,0.0537766342729522
19960926,-3.333333333,0,0.0537766342729522
19960927,0,0,0.0537766342729522
19960930,0,0,0.0537766342729522
19961001,-1.666666667,0,0.0533428165007112
19961002,-1.666666667,0,0.0533428165007112
19961003,0,0,0.0533428165007112
19961004,-3.333333333,-215,0.0533428165007112
19961007,1.666666667,0,0.0533428165007112
19961008,-1.666666667,0,0.0533428165007112
19961009,1.666666667,0,0.0533428165007112
19961010,1.666666667,0,0.0533428165007112
19961011,-1.666666667,0,0.0533428165007112
19961014,0,0,0.0533428165007112
19961015,-1.666666667,0,0.0533428165007112
19961016,0,0,0.0533428165007112
19961017,0,0,0.0533428165007112
19961018,-1.666666667,0,0.0533428165007112
19961021,0,0,0.0533428165007112
19961022,1.666666667,0,0.0533428165007112
19961023,0,0,0.0533428165007112
19961024,0,0,0.0533428165007112
19961025,-1.666666667,0,0.0533428165007112
19961028,1.666666667,0,0.0533428165007112
19961029,-1.666666667,0,0.0533428165007112
19961030,0,0,0.0533428165007112
19961031,0,0,0.0533428165007112
19961101,0.333333333,15,0.0526188235964987
19961104,-2.277777778,0,0.0526188235964987
19961105,-1.333333333,0,0.0526188235964987
19961106,-0.333333333,0,0.0526188235964987
19961107,-0.166666667,0,0.0526188235964987
19961108,0.444444444,0,0.0526188235964987
19961111,0,0,0.0526188235964987
19961112,0.166666667,0,0.0526188235964987
19961113,0.222222222,0,0.0526188235964987
19961114,0,0,0.0526188235964987
19961115,1,0,0.0526188235964987
19961118,-1,0,0.0526188235964987
19961119,0,0,0.0526188235964987
19961120,0,0,0.0526188235964987
19961121,0,0,0.0526188235964987
19961122,0,0,0.0526188235964987
19961125,0,0,0.0526188235964987
19961126,0,0,0.0526188235964987
19961127,1,0,0.0526188235964987
19961129,0,0,0.0526188235964987
19961202,1,0,0.0514089197602186
19961203,0,0,0.0514089197602186
19961204,0,0,0.0514089197602186
19961205,0,0,0.0514089197602186
19961206,0,-57,0.0514089197602186
19961209,-1,0,0.0514089197602186
19961210,0,0,0.0514089197602186
19961211,1,0,0.0514089197602186
19961212,0,0,0.0514089197602186
19961213,1,0,0.0514089197602186
19961216,1,0,0.0514089197602186
19961217,0,0,0.0514089197602186
19961218,0,0,0.0514089197602186
19961219,-1.166666667,0,0.0514089197602186
19961220,-1.166666667,0,0.0514089197602186
19961223,1.166666667,0,0.0514089197602186
19961224,-1.166666667,0,0.0514089197602186
19961226,0,0,0.0514089197602186
19961227,-1.166666667,0,0.0514089197602186
19961230,0,0,0.0514089197602186
19961231,1.166666667,0,0.0514089197602186
19970102,0,0,0.052108980827447
19970103,0,0,0.052108980827447
19970106,0,0,0.052108980827447
19970107,0,0,0.052108980827447
19970108,0,0,0.052108980827447
19970109,0,0,0.052108980827447
19970110,2.333333333,87,0.052108980827447
19970113,0,0,0.052108980827447
19970114,-3.5,0,0.052108980827447
19970115,0,0,0.052108980827447
19970116,1.166666667,0,0.052108980827447
19970117,-1.166666667,0,0.052108980827447
19970120,0,0,0.052108980827447
19970121,-1.166666667,0,0.052108980827447
19970122,1.166666667,0,0.052108980827447
19970123,0,0,0.052108980827447
19970124,0,0,0.052108980827447
19970127,1.166666667,0,0.052108980827447
19970128,-2.333333333,0,0.052108980827447
19970129,0,0,0.052108980827447
19970130,0,0,0.052108980827447
19970131,0,0,0.052108980827447
19970203,-1.594444444,0,0.0512037012868367
19970204,0.272222222,0,0.0512037012868367
19970205,-2.605555556,0,0.0512037012868367
19970206,0,0,0.0512037012868367
19970207,-3,76,0.0512037012868367
19970210,-1,0,0.0512037012868367
19970211,0,0,0.0512037012868367
19970212,0,0,0.0512037012868367
19970213,-1,0,0.0512037012868367
19970214,-2,0,0.0512037012868367
19970218,0,0,0.0512037012868367
19970219,0,0,0.0512037012868367
19970220,1,0,0.0512037012868367
19970221,0,0,0.0512037012868367
19970224,-1,0,0.0512037012868367
19970225,0,0,0.0512037012868367
19970226,3,0,0.0512037012868367
19970227,2,0,0.0512037012868367
19970228,1,0,0.0512037012868367
19970303,1,0,0.049771039216423
19970304,0,0,0.049771039216423
19970305,1,0,0.049771039216423
19970306,0,0,0.049771039216423
19970307,-1,116,0.049771039216423
19970310,1,0,0.049771039216423
19970311,-1,0,0.049771039216423
19970312,1,0,0.049771039216423
19970313,2,0,0.049771039216423
19970314,-2,0,0.049771039216423
19970317,3,0,0.049771039216423
19970318,0,0,0.049771039216423
19970319,2,0,0.049771039216423
19970320,2,0,0.049771039216423
19970321,1,0,0.049771039216423
19970324,0,0,0.049771039216423
19970325,4,0,0.049771039216423
19970326,0,0,0.049771039216423
19970327,2.583333333,0,0.049771039216423
19970331,0,0,0.049771039216423
19970401,1.5,0,0.0507978186225005
19970402,-1,0,0.0507978186225005
19970403,-1,0,0.0507978186225005
19970404,2,-18,0.0507978186225005
19970407,-1,0,0.0507978186225005
19970408,0,0,0.0507978186225005
19970409,1,0,0.0507978186225005
19970410,0,0,0.0507978186225005
19970411,3,0,0.0507978186225005
19970414,0,0,0.0507978186225005
19970415,-2,0,0.0507978186225005
19970416,0,0,0.0507978186225005
19970417,-1,0,0.0507978186225005
19970418,0,0,0.0507978186225005
19970421,0,0,0.0507978186225005
19970422,0,0,0.0507978186225005
19970423,0,0,0.0507978186225005
19970424,2,0,0.0507978186225005
19970425,0,0,0.0507978186225005
19970428,0,0,0.0507978186225005
19970429,-6,0,0.0507978186225005
19970430,3,0,0.0507978186225005
19970501,-1,0,0.0528102051235061
19970502,0,-56,0.0528102051235061
19970505,-1,0,0.0528102051235061
19970506,1,0,0.0528102051235061
19970507,1,0,0.0528102051235061
19970508,0,0,0.0528102051235061
19970509,-5,0,0.0528102051235061
19970512,-1,0,0.0528102051235061
19970513,3,0,0.0528102051235061
19970514,-2,0,0.0528102051235061
19970515,-1,0,0.0528102051235061
19970516,1,0,0.0528102051235061
19970519,1,0,0.0528102051235061
19970520,-9,0,0.0528102051235061
19970521,0,0,0.0528102051235061
19970522,-1.033333333,0,0.0528102051235061
19970523,0,0,0.0528102051235061
19970527,1.033333333,0,0.0528102051235061
19970528,1.033333333,0,0.0528102051235061
19970529,-1.033333333,0,0.0528102051235061
19970530,-3.1,0,0.0528102051235061
19970602,1.033333333,0,0.0485502166632657
19970603,-2.066666667,0,0.0485502166632657
19970604,0,0,0.0485502166632657
19970605,-1.033333333,0,0.0485502166632657
19970606,-1.033333333,-87,0.0485502166632657
19970609,1.033333333,0,0.0485502166632657
19970610,0,0,0.0485502166632657
19970611,0,0,0.0485502166632657
19970612,-4.133333333,0,0.0485502166632657
19970613,-2.066666667,0,0.0485502166632657
19970616,1.033333333,0,0.0485502166632657
19970617,0,0,0.0485502166632657
19970618,0,0,0.0485502166632657
19970619,0,0,0.0485502166632657
19970620,0,0,0.0485502166632657
19970623,0,0,0.0485502166632657
19970624,0,0,0.0485502166632657
19970625,0,0,0.0485502166632657
19970626,0,0,0.0485502166632657
19970627,-1.033333333,0,0.0485502166632657
19970630,1.033333333,0,0.0485502166632657
19970701,-2.548888889,0,0.0462746351093816
19970702,-1.687777778,0,0.0462746351093816
19970703,0,7,0.0462746351093816
19970707,0,0,0.0462746351093816
19970708,0,0,0.0462746351093816
19970709,0,0,0.0462746351093816
19970710,0,0,0.0462746351093816
19970711,0,0,0.0462746351093816
19970714,0,0,0.0462746351093816
19970715,0,0,0.0462746351093816
19970716,0,0,0.0462746351093816
19970717,0,0,0.0462746351093816
19970718,0,0,0.0462746351093816
19970721,0,0,0.0462746351093816
19970722,0,0,0.0462746351093816
19970723,-2.384615385,0,0.0462746351093816
19970724,0,0,0.0462746351093816
19970725,0,0,0.0462746351093816
19970728,0,0,0.0462746351093816
19970729,0,0,0.0462746351093816
19970730,0,0,0.0462746351093816
19970731,0,0,0.0462746351093816
19970801,1.192307692,118,0.0438565206583882
19970804,2.146153846,0,0.0438565206583882
19970805,-1.033333333,0,0.0438565206583882
19970806,0.397435897,0,0.0438565206583882
19970807,-1.033333333,0,0.0438565206583882
19970808,1.271794872,0,0.0438565206583882
19970811,-0.476923077,0,0.0438565206583882
19970812,-0.158974359,0,0.0438565206583882
19970813,-0.476923077,0,0.0438565206583882
19970814,-2.225641026,0,0.0438565206583882
19970815,-0.715384615,0,0.0438565206583882
19970818,0.079487179,0,0.0438565206583882
19970819,-0.953846154,0,0.0438565206583882
19970820,0,0,0.0438565206583882
19970821,0,0,0.0438565206583882
19970822,0,0,0.0438565206583882
19970825,0,0,0.0438565206583882
19970826,1,0,0.0438565206583882
19970827,0,0,0.0438565206583882
19970828,-1,0,0.0438565206583882
19970829,0,0,0.0438565206583882
19970902,0,0,0.0437966438031146
19970903,1,0,0.0437966438031146
19970904,1,0,0.0437966438031146
19970905,0,-31,0.0437966438031146
19970908,-1,0,0.0437966438031146
19970909,0,0,0.0437966438031146
19970910,0,0,0.0437966438031146
19970911,0,0,0.0437966438031146
19970912,-3,0,0.0437966438031146
19970915,0,0,0.0437966438031146
19970916,-1,0,0.0437966438031146
19970917,0,0,0.0437966438031146
19970918,0,0,0.0437966438031146
19970919,0,0,0.0437966438031146
19970922,0,0,0.0437966438031146
19970923,1,0,0.0437966438031146
19970924,-1,0,0.0437966438031146
19970925,1,0,0.0437966438031146
19970926,0,0,0.0437966438031146
19970929,0,0,0.0437966438031146
19970930,0,0,0.0437966438031146
19971001,0,0,0.0433715395615889
19971002,0,0,0.0433715395615889
19971003,-1.578947368,-103,0.0433715395615889
19971006,0,0,0.0433715395615889
19971007,0,0,0.0433715395615889
19971008,1.578947368,0,0.0433715395615889
19971009,1.578947368,0,0.0433715395615889
19971010,3.157894737,0,0.0433715395615889
19971013,0,0,0.0433715395615889
19971014,-1.578947368,0,0.0433715395615889
19971015,0,0,0.0433715395615889
19971016,0,0,0.0433715395615889
19971017,1.578947368,0,0.0433715395615889
19971020,0,0,0.0433715395615889
19971021,1.578947368,0,0.0433715395615889
19971022,-1.578947368,0,0.0433715395615889
19971023,-4.736842105,0,0.0433715395615889
19971024,0,0,0.0433715395615889
19971027,-3.157894737,0,0.0433715395615889
19971028,0,0,0.0433715395615889
19971029,0,0,0.0433715395615889
19971030,-1.578947368,0,0.0433715395615889
19971031,0,0,0.0433715395615889
19971103,-0.368421053,0,0.0424043273476597
19971104,0.578947368,0,0.0424043273476597
19971105,-1.315789474,0,0.0424043273476597
19971106,0.263157895,0,0.0424043273476597
19971107,1.842105263,74,0.0424043273476597
19971110,2.368421053,0,0.0424043273476597
19971111,0,0,0.0424043273476597
19971112,-4.105263158,0,0.0424043273476597
19971113,0,0,0.0424043273476597
19971114,1,0,0.0424043273476597
19971117,0,0,0.0424043273476597
19971118,0,0,0.0424043273476597
19971119,-1,0,0.0424043273476597
19971120,1,0,0.0424043273476597
19971121,-1,0,0.0424043273476597
19971124,1,0,0.0424043273476597
19971125,0,0,0.0424043273476597
19971126,2,0,0.0424043273476597
19971128,1,0,0.0424043273476597
19971201,0,0,0.0426305755548929
19971202,0,0,0.0426305755548929
19971203,-1,0,0.0426305755548929
19971204,-1,0,0.0426305755548929
19971205,0,204,0.0426305755548929
19971208,0,0,0.0426305755548929
19971209,-1,0,0.0426305755548929
19971210,-2,0,0.0426305755548929
19971211,-2,0,0.0426305755548929
19971212,0,0,0.0426305755548929
19971215,0,0,0.0426305755548929
19971216,-1,0,0.0426305755548929
19971217,0,0,0.0426305755548929
19971218,-2.24,0,0.0426305755548929
19971219,-2.24,0,0.0426305755548929
19971222,0,0,0.0426305755548929
19971223,0,0,0.0426305755548929
19971224,0,0,0.0426305755548929
19971226,0,0,0.0426305755548929
19971229,1.12,0,0.0426305755548929
19971230,1.12,0,0.0426305755548929
19971231,-2.24,0,0.0426305755548929
19980102,-1.12,0,0.0412731070170517
19980105,-2.24,0,0.0412731070170517
19980106,-1.12,0,0.0412731070170517
19980107,-1.12,0,0.0412731070170517
19980108,-3.36,0,0.0412731070170517
19980109,-7.84,170,0.0412731070170517
19980112,4.48,0,0.0412731070170517
19980113,3.36,0,0.0412731070170517
19980114,0,0,0.0412731070170517
19980115,-1.12,0,0.0412731070170517
19980116,1.12,0,0.0412731070170517
19980120,0,0,0.0412731070170517
19980121,-2.24,0,0.0412731070170517
19980122,-1.12,0,0.0412731070170517
19980123,2.24,0,0.0412731070170517
19980126,0,0,0.0412731070170517
19980127,1.12,0,0.0412731070170517
19980128,0,0,0.0412731070170517
19980129,0,0,0.0412731070170517
19980130,1.12,0,0.0412731070170517
19980202,-0.224,0,0.0411684105630294
19980203,-1.008,0,0.0411684105630294
19980204,0.336,0,0.0411684105630294
19980205,0,0,0.0411684105630294
19980206,2,133,0.0411684105630294
19980209,1,0,0.0411684105630294
19980210,0,0,0.0411684105630294
19980211,-1,0,0.0411684105630294
19980212,1,0,0.0411684105630294
19980213,-1,0,0.0411684105630294
19980217,0,0,0.0411684105630294
19980218,0,0,0.0411684105630294
19980219,1,0,0.0411684105630294
19980220,0,0,0.0411684105630294
19980223,1,0,0.0411684105630294
19980224,1,0,0.0411684105630294
19980225,0,0,0.0411684105630294
19980226,1,0,0.0411684105630294
19980227,0,0,0.0411684105630294
19980302,1,0,0.0386816965245082
19980303,0,0,0.0386816965245082
19980304,0,0,0.0386816965245082
19980305,-1,0,0.0386816965245082
19980306,1,60,0.0386816965245082
19980309,-1,0,0.0386816965245082
19980310,0,0,0.0386816965245082
19980311,0,0,0.0386816965245082
19980312,0,0,0.0386816965245082
19980313,0,0,0.0386816965245082
19980316,0,0,0.0386816965245082
19980317,1,0,0.0386816965245082
19980318,1,0,0.0386816965245082
19980319,0,0,0.0386816965245082
19980320,0,0,0.0386816965245082
19980323,0,0,0.0386816965245082
19980324,0,0,0.0386816965245082
19980325,0,0,0.0386816965245082
19980326,2,0,0.0386816965245082
19980327,-1,0,0.0386816965245082
19980330,0,0,0.0386816965245082
19980331,0,0,0.0386816965245082
19980401,0,0,0.0367188878467353
19980402,-1,0,0.0367188878467353
19980403,-4,-271,0.0367188878467353
19980406,1,0,0.0367188878467353
19980407,1,0,0.0367188878467353
19980408,0,0,0.0367188878467353
19980409,0,0,0.0367188878467353
19980413,2,0,0.0367188878467353
19980414,-1,0,0.0367188878467353
19980415,1,0,0.0367188878467353
19980416,0,0,0.0367188878467353
19980417,0,0,0.0367188878467353
19980420,0,0,0.0367188878467353
19980421,0,0,0.0367188878467353
19980422,0,0,0.0367188878467353
19980423,0,0,0.0367188878467353
19980424,0,0,0.0367188878467353
19980427,4,0,0.0367188878467353
19980428,-2,0,0.0367188878467353
19980429,0,0,0.0367188878467353
19980430,-3,0,0.0367188878467353
19980501,0,0,0.0353803272792663
19980504,0,0,0.0353803272792663
19980505,1,0,0.0353803272792663
19980506,-1,0,0.0353803272792663
19980507,0,0,0.0353803272792663
19980508,0,-8,0.0353803272792663
19980511,1,0,0.0353803272792663
19980512,-2,0,0.0353803272792663
19980513,0,0,0.0353803272792663
19980514,2,0,0.0353803272792663
19980515,0,0,0.0353803272792663
19980518,-1,0,0.0353803272792663
19980519,-2,0,0.0353803272792663
19980520,0,0,0.0353803272792663
19980521,1,0,0.0353803272792663
19980522,0,0,0.0353803272792663
19980526,-2,0,0.0353803272792663
19980527,-1,0,0.0353803272792663
19980528,1,0,0.0353803272792663
19980529,0,0,0.0353803272792663
19980601,-1,0,0.0353295682142148
19980602,1,0,0.0353295682142148
19980603,0,0,0.0353295682142148
19980604,1,0,0.0353295682142148
19980605,-1,71,0.0353295682142148
19980608,1,0,0.0353295682142148
19980609,0,0,0.0353295682142148
19980610,-1,0,0.0353295682142148
19980611,-2,0,0.0353295682142148
19980612,0,0,0.0353295682142148
19980615,-1,0,0.0353295682142148
19980616,1,0,0.0353295682142148
19980617,1,0,0.0353295682142148
19980618,-1,0,0.0353295682142148
19980619,0,0,0.0353295682142148
19980622,0,0,0.0353295682142148
19980623,0,0,0.0353295682142148
19980624,0,0,0.0353295682142148
19980625,0,0,0.0353295682142148
19980626,0,0,0.0353295682142148
19980629,0,0,0.0353295682142148
19980630,0,0,0.0353295682142148
19980701,-3.333333333,0,0.0351591046472812
19980702,0,5,0.0351591046472812
19980706,-2.214285714,0,0.0351591046472812
19980707,0,0,0.0351591046472812
19980708,0,0,0.0351591046472812
19980709,0,0,0.0351591046472812
19980710,2.214285714,0,0.0351591046472812
19980713,0,0,0.0351591046472812
19980714,0,0,0.0351591046472812
19980715,0,0,0.0351591046472812
19980716,0,0,0.0351591046472812
19980717,0,0,0.0351591046472812
19980720,0,0,0.0351591046472812
19980721,0,0,0.0351591046472812
19980722,0,0,0.0351591046472812
19980723,0,0,0.0351591046472812
19980724,0,0,0.0351591046472812
19980727,0,0,0.0351591046472812
19980728,0,0,0.0351591046472812
19980729,0,0,0.0351591046472812
19980730,0,0,0.0351591046472812
19980731,0,0,0.0351591046472812
19980803,-0.295238095,0,0.0334405747981117
19980804,-0.295238095,0,0.0334405747981117
19980805,-0.221428571,0,0.0334405747981117
19980806,-0.295238095,0,0.0334405747981117
19980807,1.55,11,0.0334405747981117
19980810,0.664285714,0,0.0334405747981117
19980811,0.221428571,0,0.0334405747981117
19980812,-0.59047619,0,0.0334405747981117
19980813,-0.738095238,0,0.0334405747981117
19980814,0.664285714,0,0.0334405747981117
19980817,-2.214285714,0,0.0334405747981117
19980818,0.811904762,0,0.0334405747981117
19980819,0,0,0.0334405747981117
19980820,-1,0,0.0334405747981117
19980821,-1,0,0.0334405747981117
19980824,0,0,0.0334405747981117
19980825,0,0,0.0334405747981117
19980826,-1,0,0.0334405747981117
19980827,-4,0,0.0334405747981117
19980828,-1,0,0.0334405747981117
19980831,-1,0,0.0334405747981117
19980901,-2,0,0.0357180212540247
19980902,4,0,0.0357180212540247
19980903,-1,0,0.0357180212540247
19980904,1,15,0.0357180212540247
19980908,0,0,0.0357180212540247
19980909,-5,0,0.0357180212540247
19980910,-9,0,0.0357180212540247
19980911,-3,0,0.0357180212540247
19980914,3,0,0.0357180212540247
19980915,1,0,0.0357180212540247
19980916,5,0,0.0357180212540247
19980917,1,0,0.0357180212540247
19980918,0,0,0.0357180212540247
19980921,0,0,0.0357180212540247
19980922,1,0,0.0357180212540247
19980923,-11,0,0.0357180212540247
19980924,-8,0,0.0357180212540247
19980925,-2,0,0.0357180212540247
19980928,3,0,0.0357180212540247
19980929,6,0,0.0357180212540247
19980930,0,0,0.0357180212540247
19981001,-10.71428571,0,0.037319720959398
19981002,-4.285714286,-131,0.037319720959398
19981005,-6.428571429,0,0.037319720959398
19981006,10.71428571,0,0.037319720959398
19981007,-4.285714286,0,0.037319720959398
19981008,-10.71428571,0,0.037319720959398
19981009,-10.71428571,0,0.037319720959398
19981012,0,0,0.037319720959398
19981013,6.428571429,0,0.037319720959398
19981014,10.71428571,0,0.037319720959398
19981015,-1.428571429,0,0.037319720959398
19981016,0,0,0.037319720959398
19981019,-2.142857143,0,0.037319720959398
19981020,2.142857143,0,0.037319720959398
19981021,0,0,0.037319720959398
19981022,0,0,0.037319720959398
19981023,0,0,0.037319720959398
19981026,6.428571429,0,0.037319720959398
19981027,-2.142857143,0,0.037319720959398
19981028,0,0,0.037319720959398
19981029,0,0,0.037319720959398
19981030,2.142857143,0,0.037319720959398
19981102,2.857142857,0,0.0367693976580433
19981103,-1.357142857,0,0.0367693976580433
19981104,0,0,0.0367693976580433
19981105,-1.428571429,-59,0.0367693976580433
19981106,2.571428571,0,0.0367693976580433
19981109,-1.785714286,0,0.0367693976580433
19981110,-1,0,0.0367693976580433
19981111,0,0,0.0367693976580433
19981112,-1.928571429,0,0.0367693976580433
19981113,3.357142857,0,0.0367693976580433
19981116,-4.285714286,0,0.0367693976580433
19981117,-4.357142857,0,0.0367693976580433
19981118,0,0,0.0367693976580433
19981119,3,0,0.0367693976580433
19981120,0,0,0.0367693976580433
19981123,0,0,0.0367693976580433
19981124,0,0,0.0367693976580433
19981125,2,0,0.0367693976580433
19981127,3,0,0.0367693976580433
19981130,-1,0,0.0367693976580433
19981201,-1,0,0.033061611457232
19981202,-1,0,0.033061611457232
19981203,-2,0,0.033061611457232
19981204,1,97,0.033061611457232
19981207,0,0,0.033061611457232
19981208,0,0,0.033061611457232
19981209,0,0,0.033061611457232
19981210,0,0,0.033061611457232
19981211,0,0,0.033061611457232
19981214,0,0,0.033061611457232
19981215,0,0,0.033061611457232
19981216,0,0,0.033061611457232
19981217,1,0,0.033061611457232
19981218,1,0,0.033061611457232
19981221,0,0,0.033061611457232
19981222,0,0,0.033061611457232
19981223,0,0,0.033061611457232
19981224,1.076923077,0,0.033061611457232
19981228,0,0,0.033061611457232
19981229,0,0,0.033061611457232
19981230,0,0,0.033061611457232
19981231,0,0,0.033061611457232
19990104,0,0,0.0316877442124281
19990105,1.076923077,0,0.0316877442124281
19990106,1.076923077,0,0.0316877442124281
19990107,-1.076923077,0,0.0316877442124281
19990108,1.076923077,178,0.0316877442124281
19990111,1.076923077,0,0.0316877442124281
19990112,0,0,0.0316877442124281
19990113,-1.076923077,0,0.0316877442124281
19990114,-2.153846154,0,0.0316877442124281
19990115,1.076923077,0,0.0316877442124281
19990119,0,0,0.0316877442124281
19990120,1.076923077,0,0.0316877442124281
19990121,-1.076923077,0,0.0316877442124281
19990122,-1.076923077,0,0.0316877442124281
19990125,1.076923077,0,0.0316877442124281
19990126,0,0,0.0316877442124281
19990127,0,0,0.0316877442124281
19990128,1.076923077,0,0.0316877442124281
19990129,0,0,0.0316877442124281
19990201,-0.933333333,0,0.0303765571962811
19990202,-0.394871795,0,0.0303765571962811
19990203,0.358974359,0,0.0303765571962811
19990204,0,0,0.0303765571962811
19990205,0,95,0.0303765571962811
19990208,0,0,0.0303765571962811
19990209,-1,0,0.0303765571962811
19990210,0,0,0.0303765571962811
19990211,0,0,0.0303765571962811
19990212,2,0,0.0303765571962811
19990216,-1,0,0.0303765571962811
19990217,0,0,0.0303765571962811
19990218,0,0,0.0303765571962811
19990219,0,0,0.0303765571962811
19990222,0,0,0.0303765571962811
19990223,1,0,0.0303765571962811
19990224,2,0,0.0303765571962811
19990225,0,0,0.0303765571962811
19990226,0,0,0.0303765571962811
19990301,2,0,0.0306090797782734
19990302,-2,0,0.0306090797782734
19990303,0,0,0.0306090797782734
19990304,1,0,0.0306090797782734
19990305,-3,25,0.0306090797782734
19990308,0,0,0.0306090797782734
19990309,0,0,0.0306090797782734
19990310,0,0,0.0306090797782734
19990311,-1,0,0.0306090797782734
19990312,0,0,0.0306090797782734
19990315,0,0,0.0306090797782734
19990316,0,0,0.0306090797782734
19990317,0,0,0.0306090797782734
19990318,0,0,0.0306090797782734
19990319,0,0,0.0306090797782734
19990322,0,0,0.0306090797782734
19990323,0,0,0.0306090797782734
19990324,0,0,0.0306090797782734
19990325,0,0,0.0306090797782734
19990326,0,0,0.0306090797782734
19990329,0,0,0.0306090797782734
19990330,0,0,0.0306090797782734
19990331,0,0,0.0306090797782734
19990401,0,0,0.0299455393786184
19990405,-2.214285714,-117,0.0299455393786184
19990406,-2.214285714,0,0.0299455393786184
19990407,0,0,0.0299455393786184
19990408,0,0,0.0299455393786184
19990409,0,0,0.0299455393786184
19990412,0,0,0.0299455393786184
19990413,0,0,0.0299455393786184
19990414,0,0,0.0299455393786184
19990415,0,0,0.0299455393786184
19990416,2.214285714,0,0.0299455393786184
19990419,0,0,0.0299455393786184
19990420,-2.214285714,0,0.0299455393786184
19990421,0,0,0.0299455393786184
19990422,2.214285714,0,0.0299455393786184
19990423,-2.214285714,0,0.0299455393786184
19990426,0,0,0.0299455393786184
19990427,0,0,0.0299455393786184
19990428,0,0,0.0299455393786184
19990429,0,0,0.0299455393786184
19990430,2.214285714,0,0.0299455393786184
19990503,-0.811904762,0,0.0294135275255477
19990504,-0.811904762,0,0.0294135275255477
19990505,-1.107142857,0,0.0294135275255477
19990506,0.95952381,0,0.0294135275255477
19990507,0.59047619,9,0.0294135275255477
19990510,0.442857143,0,0.0294135275255477
19990511,0.442857143,0,0.0294135275255477
19990512,0.221428571,0,0.0294135275255477
19990513,-0.221428571,0,0.0294135275255477
19990514,3.985714286,0,0.0294135275255477
19990517,0.295238095,0,0.0294135275255477
19990518,-2.50952381,0,0.0294135275255477
19990519,0,0,0.0294135275255477
19990520,0,0,0.0294135275255477
19990521,-2,0,0.0294135275255477
19990524,0,0,0.0294135275255477
19990525,1,0,0.0294135275255477
19990526,0,0,0.0294135275255477
19990527,4,0,0.0294135275255477
19990528,0,0,0.0294135275255477
19990601,3,0,0.0301335515400842
19990602,0,0,0.0301335515400842
19990603,0,0,0.0301335515400842
19990604,1,-209,0.0301335515400842
19990607,-1,0,0.0301335515400842
19990608,0,0,0.0301335515400842
19990609,1,0,0.0301335515400842
19990610,2,0,0.0301335515400842
19990611,2,0,0.0301335515400842
19990614,0,0,0.0301335515400842
19990615,0,0,0.0301335515400842
19990616,-1,0,0.0301335515400842
19990617,0,0,0.0301335515400842
19990618,0,0,0.0301335515400842
19990621,1,0,0.0301335515400842
19990622,1,0,0.0301335515400842
19990623,2,0,0.0301335515400842
19990624,1,0,0.0301335515400842
19990625,0,0,0.0301335515400842
19990628,1,0,0.0301335515400842
19990629,0,0,0.0301335515400842
19990630,-4,0,0.0301335515400842
19990701,0,0,0.031015840610941
19990702,-0.5,68,0.031015840610941
19990706,1,0,0.031015840610941
19990707,0.5,0,0.031015840610941
19990708,-1,0,0.031015840610941
19990709,0.5,0,0.031015840610941
19990712,-1,0,0.031015840610941
19990713,-1,0,0.031015840610941
19990714,-0.5,0,0.031015840610941
19990715,0.5,0,0.031015840610941
19990716,-2,0,0.031015840610941
19990719,-0.5,0,0.031015840610941
19990720,-1.5,0,0.031015840610941
19990721,0.5,0,0.031015840610941
19990722,6,0,0.031015840610941
19990723,0,0,0.031015840610941
19990726,1,0,0.031015840610941
19990727,-1,0,0.031015840610941
19990728,-0.5,0,0.031015840610941
19990729,3,0,0.031015840610941
19990730,1.5,0,0.031015840610941
19990802,1.5,0,0.0304129646123433
19990803,-0.5,0,0.0304129646123433
19990804,-1.5,0,0.0304129646123433
19990805,-2,0,0.0304129646123433
19990806,6,110,0.0304129646123433
19990809,3,0,0.0304129646123433
19990810,0,0,0.0304129646123433
19990811,-1,0,0.0304129646123433
19990812,0.5,0,0.0304129646123433
19990813,-1.5,0,0.0304129646123433
19990816,0.5,0,0.0304129646123433
19990817,0,0,0.0304129646123433
19990818,0,0,0.0304129646123433
19990819,-0.5,0,0.0304129646123433
19990820,-1,0,0.0304129646123433
19990823,1,0,0.0304129646123433
19990824,3,0,0.0304129646123433
19990825,0,0,0.0304129646123433
19990826,1.148148148,0,0.0304129646123433
19990827,2.296296296,0,0.0304129646123433
19990830,2.296296296,0,0.0304129646123433
19990831,1.148148148,0,0.0304129646123433
19990901,-0.574074074,0,0.0323768917279979
19990902,0.574074074,0,0.0323768917279979
19990903,-5.166666667,-91,0.0323768917279979
19990907,0.574074074,0,0.0323768917279979
19990908,0.574074074,0,0.0323768917279979
19990909,1.148148148,0,0.0323768917279979
19990910,-1.722222222,0,0.0323768917279979
19990913,-0.574074074,0,0.0323768917279979
19990914,2.296296296,0,0.0323768917279979
19990915,-2.87037037,0,0.0323768917279979
19990916,-0.574074074,0,0.0323768917279979
19990917,-1.148148148,0,0.0323768917279979
19990920,0,0,0.0323768917279979
19990921,-0.574074074,0,0.0323768917279979
19990922,-1.148148148,0,0.0323768917279979
19990923,0.574074074,0,0.0323768917279979
19990924,-2.296296296,0,0.0323768917279979
19990927,1.722222222,0,0.0323768917279979
19990928,0,0,0.0323768917279979
19990929,0.574074074,0,0.0323768917279979
19990930,-0.574074074,0,0.0323768917279979
19991001,2.832098765,0,0.0333492645106473
19991004,-1.645679012,0,0.0333492645106473
19991005,-3.674074074,0,0.0333492645106473
19991006,0,0,0.0333492645106473
19991007,0,0,0.0333492645106473
19991008,0,-228,0.0333492645106473
19991011,0,0,0.0333492645106473
19991012,1,0,0.0333492645106473
19991013,-1,0,0.0333492645106473
19991014,1,0,0.0333492645106473
19991015,-3,0,0.0333492645106473
19991018,1,0,0.0333492645106473
19991019,3,0,0.0333492645106473
19991020,1,0,0.0333492645106473
19991021,-2,0,0.0333492645106473
19991022,-1,0,0.0333492645106473
19991025,1,0,0.0333492645106473
19991026,1,0,0.0333492645106473
19991027,0,0,0.0333492645106473
19991028,0,0,0.0333492645106473
19991029,-3,0,0.0333492645106473
19991101,0.133333333,0,0.0348946033748458
19991102,-1.533333333,0,0.0348946033748458
19991103,-1.733333333,0,0.0348946033748458
19991104,-1.133333333,0,0.0348946033748458
19991105,-0.266666667,12,0.0348946033748458
19991108,0.133333333,0,0.0348946033748458
19991109,2.2,0,0.0348946033748458
19991110,2.866666667,0,0.0348946033748458
19991111,0,0,0.0348946033748458
19991112,-0.466666667,0,0.0348946033748458
19991115,1.4,0,0.0348946033748458
19991116,8.666666667,0,0.0348946033748458
19991117,0,0,0.0348946033748458
19991118,-2,0,0.0348946033748458
19991119,-1,0,0.0348946033748458
19991122,0,0,0.0348946033748458
19991123,0,0,0.0348946033748458
19991124,1,0,0.0348946033748458
19991126,0.5,0,0.0348946033748458
19991129,0.5,0,0.0348946033748458
19991130,-0.5,0,0.0348946033748458
19991201,0,0,0.0336208962377187
19991202,0.5,0,0.0336208962377187
19991203,-1.5,24,0.0336208962377187
19991206,0.5,0,0.0336208962377187
19991207,0,0,0.0336208962377187
19991208,-1,0,0.0336208962377187
19991209,2,0,0.0336208962377187
19991210,-1,0,0.0336208962377187
19991213,0.5,0,0.0336208962377187
19991214,2,0,0.0336208962377187
19991215,-0.5,0,0.0336208962377187
19991216,0.5,0,0.0336208962377187
19991217,0,0,0.0336208962377187
19991220,1.5,0,0.0336208962377187
19991221,0,0,0.0336208962377187
19991222,0,0,0.0336208962377187
19991223,0.518518519,0,0.0336208962377187
19991227,0.518518519,0,0.0336208962377187
19991228,0.518518519,0,0.0336208962377187
19991229,-1.037037037,0,0.0336208962377187
19991230,0,0,0.0336208962377187
19991231,2.074074074,0,0.0336208962377187
20000103,2.074074074,0,0.0337164375507461
20000104,-1.555555556,0,0.0337164375507461
20000105,2.074074074,0,0.0337164375507461
20000106,-1.555555556,0,0.0337164375507461
20000107,-1.037037037,90,0.0337164375507461
20000110,1.037037037,0,0.0337164375507461
20000111,1.555555556,0,0.0337164375507461
20000112,0,0,0.0337164375507461
20000113,-1.037037037,0,0.0337164375507461
20000114,-2.074074074,0,0.0337164375507461
20000118,0.518518519,0,0.0337164375507461
20000119,-1.037037037,0,0.0337164375507461
20000120,0,0,0.0337164375507461
20000121,0,0,0.0337164375507461
20000124,0,0,0.0337164375507461
20000125,0,0,0.0337164375507461
20000126,0.518518519,0,0.0337164375507461
20000127,0,0,0.0337164375507461
20000128,2.074074074,0,0.0337164375507461
20000131,2.074074074,0,0.0337164375507461
20000201,-2.558024691,0,0.0344395419908015
20000202,-4.804938272,0,0.0344395419908015
20000203,0,0,0.0344395419908015
20000204,2,137,0.0344395419908015
20000207,0.5,0,0.0344395419908015
20000208,-1.5,0,0.0344395419908015
20000209,0.5,0,0.0344395419908015
20000210,-1,0,0.0344395419908015
20000211,-0.5,0,0.0344395419908015
20000214,-1,0,0.0344395419908015
20000215,0,0,0.0344395419908015
20000216,0,0,0.0344395419908015
20000217,3.5,0,0.0344395419908015
20000218,-0.5,0,0.0344395419908015
20000222,-3,0,0.0344395419908015
20000223,0.5,0,0.0344395419908015
20000224,-2,0,0.0344395419908015
20000225,-1,0,0.0344395419908015
20000228,1,0,0.0344395419908015
20000229,0,0,0.0344395419908015
